“凝聚共识 沉淀价值 再争突破”优易数据召开201..,http://baijiahao.baidu.com/s?id=1639723346173322479,中国日报网,发布时间：07-22 09:47,7月13日至15日，优易数据年中工作会于北京总部举行。以“凝聚共识 沉淀价值 再争突破”为主题总结2019年上半年工作成果，结合当下面临的形势与挑战，落实下半年工作部署。本次年中会议历时三天，13日，集团基地事业群、平台事业群、研究院主要负责人述职，总结上半年工作业绩与管理经验，汇报下半年工作计划与重点任务;14日，集团二级部门及以上管理人员以及分子公司、板块公司管理人员与会，针对各部门经营目标、管理思维创新等事项进行探讨商定;15日全员大会，集团管理层做上半年工作报告，对优秀团队、先进个人进行表彰，并全面部署下半年工作计划与产品营销策略，为实现全年目标布局谋篇。优易数据CEO王亚松、COO夏虎，首席产品官彭作文及核心管理团队出席会议。集团总部、32家分子公司约900余人，通过现场及视频形式参加了本次会议，共同感受集团蓬勃向上、奋力搏击的凝聚力与战斗力。凝聚共识 不忘初心优易数据CEO王亚松做工作会报告，王总指出，上半年集团管理进一步协同统一，重点改革初见成效，经营管理工作有序推进，上半年业绩与营收均有较大幅度提升。同时，面对激烈的市场竞争，面对全年任务的经营目标，以及大格局引领下，助力中国完成数字化转型的长远目标，优易数据可谓任重而道远。如何才能在日益激烈的竞争中持续保持优势?如何才能更好的为数字化转型提供助力?值得每一位优易人深思。会中王总提到了“凝聚共识”，共识是优易创立的初心，也是凝练而成的企业使命“用数据驱动社会变革 让政府治理更科学 让企业经营更高效 让人们生活更美好”。优易数据的每一位同事都应坚守这一共识，身负使命，强力自驱。同时，管理团队应持续做好管理提升工作，切实提升员工福祉，促进员工获得感、幸福感、安全感提升。优易数据CEO王亚松讲述企业文化与使命沉淀价值 厚积薄发之力沉淀价值是本次会议的第二个核心议题。依托“技术+产品+服务”相互协同的集群式创新业务格局，集团产品体系取得重大突破，领先于行业的“Data OS数字操作系统+应用生态”已于5月亮相贵阳数博会。本次会议前，原生版Data OS数字操作系统完成了新版本迭代，1.1.0版本更新上线。产品负责人杨海针对这一更新版本进行了讲解与操作演示，系统的展现了这一版本更强劲的技术能力、数字化能力、驱动能力与兼容能力。产品负责人杨海介绍原生版Data Os 1.1.0正式版基于Data OS数字操作系统的核心能力，集团构建了高质量的产品体系，沉淀并衍生出“政务OS、CityOS、企业OS、数据资产OS、人工智能、精准招商”等多条优秀的产品线;以质量和效率为核心，探索新的产品运营模式，将优易数据优秀的解决方案能力沉淀于Data OS数字操作系统，锻塑出可用的、好用的产品，全面助力城市、政府、企业、产业等多领域的数字化转型之路。本次会议中，部分产品线负责人做了产品说明讲解。未来，Data OS数字操作系统将围绕用户需求导向，持续吸收、集成优秀的生态应用，增强产品活力，创造可观价值!万如意博士讲解CityOS数字城市产品慧数产业精准招商大数据平台再争突破 谱写可期未来在公司环环相扣的核心版图中，每一位员工都是发挥重要作用的齿轮，公司深知人才的重要价值，本次大会特别设立了“优秀团队奖”与“营销精英奖”，对成绩突出的团队与个人予以表彰，同时也激励着更多同事与公司一起并肩奋斗!此外，本次会议还着重讲述了公司的激励制度，旨在使每一位与公司砥砺前行的“战士”，都能获得更丰厚的回报与价值认同!相信每一位优易人都能以初心不改、矢志不渝的使命担当，以更加奋发有为的精神状态，扎实抓好下半年各项重大任务落实;凝聚用数据驱动社会变革之共识，积聚系统+应用+生态之核心产品，汇聚奋力拼搏的精英人才，优易数据必将再争突破，谱写可期未来!
IGG(0799.HK)：核心游戏即见天花板，新游..,http://baijiahao.baidu.com/s?id=1639723233432356878,格隆汇,发布时间：07-22 10:18,"机构：兴业证券评级：买入《王国纪元》流水预计缓慢下滑。《王国纪元》目前已经运营超过3年，目前已经进入瓶颈期，预计MAU达1,600万，在出海游戏收入榜单中，今年6月已经从去年下半年的第2名下滑至第4名。我们预计19H1贡献流水超过5,000万美元（下同）/月，较去年同期有所下滑。《王者决断》增速不达预期。2019年初正式上线，我们预计今年上半年月均流水约200万，与2016年《王国纪元》相比有较大差距。此外，该款游戏暂还没有获取国内版号，缺乏中国玩家的参与。今年，公司注重研发周期管理，预计19H1已还将增加200名研发人员。此外由于多款新游的上线，也加大了销售费用。预计2019H1研发费用率将达12%，销售费用率超26%，预计今年净利率将下滑5个点。游戏储备丰厚，新作放量，下半年值得期待。今年以来，公司持续推出了多类型游戏，从4月至今，公司发布节奏也在加速，Sea Fortress、Brave Conquest、《城堡争霸：曙光大陆》等均已发布，公司正在不断优化产品结构，除了SLG也发布了沙盒、模拟经营、休闲类游戏。但由于多款游戏于上半年末发布，流水暂无较大体现，我们预计H2将贡献增量收入。投资建议：由于核心游戏生命周期已超3年，叠加新游推进不及预期，我们将19/20年的收入由8.21/8.62亿下调至7.3/7.67亿（本报告中，《王国纪元》收入采用中性预测），归母净利润由2/2.14亿下调至1.49/1.67亿，目标价从13.26港币下调至10.12港元，对应19年11xPE，考虑到公司目前估值较低，并期待下半年的新游贡献，我们维持“买入”评级，建议投资者积极关注。风险提示：全球游戏市场增速不及预期；核心游戏《王国纪元》流水增速不及预期；新游戏推出不及预期"
这类资产最近很火，我来泼盆冷水,http://baijiahao.baidu.com/s?id=1639482597138605119,小基快跑,发布时间：07-22 12:13,近期最风光的大类资产，非黄金莫属。COMEX黄金（纽约金）从5月2日的1267美元/盎司，到今天涨至1454.4美元/盎司，涨幅达14.76%。COMEX黄金价格走势（2019/1/2-7/19）把时间再拉长一点，1454美元/盎司这个价格，创下了2013年5月以来的六年新高。COMEX黄金价格走势（2013/5/13-2019/7/19）如此强势的表现，激起了很多人对投资黄金的兴趣。但今天我们想泼盆冷水――黄金有短期的避险价值，但从长期看，黄金的投资价值并不出色。首先，从价值投资的角度来看，黄金不是一个好标的。巴菲特曾经把投资品分为3大类：第一类，以货币为基础的投资。包括货币基金、银行存款等，这类资产看上去安全，但可能跑不赢通胀。第二类投资品，是具有生产力的资产。比如我们购买上市公司的股票，可以获得这个公司不断创造产品或服务所衍生出来的新价值。第三类投资品，是不具有生产力的资产。这里面最典型的，就是黄金。当然还包括收藏品、艺术品、古董等。黄金摆在那里，除了自身价格波动外，它不像土地那样可以生产粮食，也不像公司那样可以生产产品，也就是说，黄金本身并不产生价值。我们购买这一类投资品，唯一能做的就是寄希望于更多的人想要买它，从而推高他们的价格，让我们从中退出。价值投资的魅力就在于，即使不考虑资产价格的波动变化，持有的资产价值可以不断增长，这是资产价格长期上涨的基石。所以，从资产增值的角度来看，黄金不具备投资价值。黄金的投资价值主要体现在两块：避险属性“枪声一响，黄金万两”、“乱世买黄金”说的就是这个道理。发生重大突发性地缘政治事件时，比如战争等，会使得黄金价格短时间内快速上涨。抗通胀属性决定黄金投资价值的另一个变量就是持有黄金的机会成本，因为黄金本身不创造价值，机会成本也就成为了决定黄金价格的重要变量。名义利率越低、通货膨胀率越高，持有黄金的机会成本也就越低，黄金价格就能够上涨。这也是我们通常所说的黄金的抗通胀属性。近期推动黄金上涨的因素主要是两个，一个是美联储降息预期的不断增强（名义利率降低），另一个就是伊朗问题造成的地缘局势紧张（避险属性）。然而，一旦国际局势缓解、美联储降息有反复，黄金价格将会逐渐回归。很多人从直觉上会觉得黄金可以长久的保值升值，所以与身俱会来对黄金有一种天然的喜欢的感觉，这种感觉其实是挺可怕的。从历史经验来看，黄金是可以套死人的，而且时间可能会非常长。回顾从1960年至2019年以美元计价的黄金价格走势，可以发现，如果在1980年左右黄金价格高点进行投资，解套可能要等到2005年，整整25年的时间。而且这还是名义价格的计算，持有黄金没有任何利息和股息，按实际价格计算，损失会更大。1960-2019以美元计价的黄金价格走势总结一下，你可以把黄金作为资产配置的一种，分散风险；但如果你想短期搏一把，请谨慎，因为影响黄金价格的走势很复杂，难预测；从长期来看，黄金本身并不产生任何价值，所以，对“长期持有黄金可以保值增值”这个观点，一定要慎重。参考资料：国信证券，《黄金的投资价值与避险价值》，20190625
科创板开市，科创板首批公司上市仪式座位表曝光,http://baijiahao.baidu.com/s?id=1639723733307554656,中国经济周刊,发布时间：07-22 10:26,中国经济周刊―经济网讯 （记者 宋杰） 7月22日，科创板开市，科创板首批公司上市仪式座位表曝光！（宋杰 摄）
科创板成交破两百亿！三大股指微跌,http://baijiahao.baidu.com/s?id=1639723442170760251,封面新闻,发布时间：07-22 10:20,封面新闻记者 赵雅儒 熊英英开盘交易半小时，科创板成交已破两百亿。三大股指微跌，沪指跌0.71%、深成指跌0.46%、创业板指跌0.68%。
谁捆绑了我的身份证？,http://baijiahao.baidu.com/s?id=1639722997173076132,看看新闻Knews,发布时间：07-22 10:15,最近，观众蒋小姐向看看新闻Knews反映：她在注册中国人民财产保险股份有限公司的APP时，发现自己的身份证号被人盗用了。为此，她和人保方面联系，希望能查明究竟是谁冒用了自己的身份信息，但对方始终没有明确答复。蒋小姐告诉看看新闻Knews记者，她是中国人民财产保险股份有限公司的车险用户。最近听说人保的app非常实用，就尝试去下载，可在注册时发现，自己的身份证被别人的手机号绑定了。也就是说，有人冒用自己的身份证号码进行了注册。蒋小姐说，上APP发现，我的身份证号码已经是被一个135不是我的手机号已经绑定了，然后我自己就无法查询到我的信息。之后，蒋小姐多次和人保的工作人员联系，希望能查明究竟是谁，又是通过什么手段盗用了自己的身份证号码，但对方始终没有明确答复。蒋小姐说，我就联系了他们的客服，他们给我的答复就是，可以帮我解绑，他们也没给我原因，我也很担心，这样的事情，会重复发生在我身上，或者其他人身上。看看新闻Knews记者来到中国人民财产保险股份有限公司上海市分公司了解情况，相关负责人表示，蒋小姐遇到的问题并非个案，主要原因是早前公司技术能力欠缺，无法对用户的姓名、身份证和手机进行比对。中国人民财产保险股份有限公司上海市分公司客户服务管理部经理金雷表示，2017年，我们当时客户注册整个流程，是对手机号的准确性，通过校验码的直接发送，进行管控，对客户身份证和姓名准确性，和内部数据进行比对进行管控，但是您提到的，关于身份证和手机号之间的一个准确性判断，当时的确是没有做，这块我们当时也向外部寻求帮助，包括联通移动运营商这边，但是当时没有相应的对接。至于为什么没有对客户进行回访，以核实相关信息，这位负责人坦言，除了当时技术能力欠缺外，人员不足也是一个重要的因素。所以，他们的投保回访率往往只能达到10%到15%。现在，这个漏洞已经补上了。金雷表示，从2019年5月开始，我们把和联通移动运营商这块信息进行了一个沟通，现在可以判断身份证和手机号是不是一致，这块管控也交上去了，并且把这一块纳入整个一个保险业务的出单，保险单打印之前出单的必要环节，所以说现在身份证和手机号这一块准确性也管理起来了。而对于蒋小姐的问题，这位负责人表示，他们会马上帮她解绑，重新进行注册。（看看新闻Knews记者：计青牧 摄像：汪鑫 实习编辑：程佳雨）
最高103.1%！刚刚，商务部官宣！对欧、日、韩、..,http://baijiahao.baidu.com/s?id=1639726650170697364,一牛财经,发布时间：07-22 11:13,"摘要：5年！18.1%-103.1%!商务部官宣！对欧、日、韩、印尼征收反倾销税！终裁！中国对欧、日、韩和印尼的进口不锈钢征收反倾销税！【一牛财经】讯：周一（22日），商务部发布终裁公告，最终裁定原产于欧盟、日本、韩国和印度尼西亚的进口不锈钢钢坯和不锈钢热轧板/卷存在倾销，国内产业受到了实质损害，且倾销与实质损害之间存在因果关系。最后，商务部决定，自2019年7月 23 日起，对原产于欧盟、日本、韩国和印度尼西亚的进口不锈钢钢坯和不锈钢热轧板/卷征收反倾销税。公告称，应国内不锈钢钢坯和不锈钢热轧板/卷产业申请，商务部在一年前，也就是2018年 7 月 23 日发布公告，决定对原产于欧盟、日本、韩国和印度尼西亚的进口不锈钢钢坯和不锈钢热轧板/卷发起反倾销调查。立案后，商务部严格按照中国相关法律法规和世贸组织相关规则进行调查，在初步调查的基础上于2019年3月22日公布了该案肯定性初裁裁定，随后经过进一步调查，作出了上述最终裁定。具体国家和公司反倾销税多少？时间多久？那么具体国家和公司征收的反倾销税多少呢？一牛财经注意到，周一，商务部在另外一份公告中给出了答案，税率为18.1%-103.1%不等，征收期限为5年。具体国家和公司征收的反倾销税税率如下：――43.0%。分为2类：日本冶金工业株式会社（NIPPON YAKIN KOGYO CO., LTD）――18.1%，而其他日本公司――29.0%。也分为2类：其中，株式会社（POSCO）――23.1%，而其他韩国公司――103.1%。――20.2%。此外，中国商务部接受了韩国株式会社POSCO提出的价格承诺，该承诺和本终裁决定同时生效。公告称，在价格承诺执行期间，韩国株式会社生产的被调查产品以不低于承诺价格向中国出口的不征收反倾销税；如出现违反价格承诺或其他终止价格承诺的情况，则按照终裁裁定的反倾销税税率征收反倾销税。如何征收？反倾销额又是多少？最后一个问题：这些反倾销税如何征收？反倾销额又是多少？对此，商务部表示，自2019年7月 23 日起，进口经营者在进口原产于欧盟、日本、未接受价格承诺的韩国公司和印度尼西亚的进口不锈钢钢坯和不锈钢热轧板/卷时，应向中国海关缴纳相应的反倾销税。，计算公式为：反倾销税额=海关完税价格×反倾销税税率。进口环节增值税以海关审定的完税价格加上关税和反倾销税作为计税价格从价计征。至于征收的对象，商务部表示，对自2019年3月23日――7月22日有关进口经营者依初裁公告向中国海关所提供的保证金，按终裁所确定的征收反倾销税的商品范围和反倾销税税率计征并转为反倾销税，并按相应的增值税税率计征进口环节增值税。在此期间，有关进口经营者所提供的保证金超出反倾销税的部分，以及由此多征的进口环节增值税部分，海关予以退还，少征部分则不再征收。不过，对临时反倾销措施实施之日前，进口的原产于欧盟、日本、韩国和印度尼西亚的进口不锈钢钢坯和不锈钢热轧板/卷不追溯征收反倾销税。当然，商务部也表示，在征收反倾销税期间，有关利害关系方可以根据《反倾销条例》第四十九条的规定，向调查机关书面申请期间复审。（版权说明：本文为一牛财经原创编撰，转载前请获得我们的授权，同意转载后，请注明出处！）【相关阅读（点击即可查看↓↓↓）】"
科创板鸣锣开市,http://baijiahao.baidu.com/s?id=1639723343677717280,新华社新媒体,发布时间：07-22 10:14,新华社上海7月22日电（记者许晟、潘清）22日上午9点30分许，伴随开市锣声的响起，首批25只科创板股票在上海证券交易所上市交易，科创板正式开市。上市仪式在上海证券大厦五楼交易大厅内举行。交易厅大屏上“科创板首批公司上市仪式”的红底白字，映照着整个大厅显出红色的光彩。“设立科创板并试点注册制肩负着引领经济发展向创新驱动转型的使命，也承载资本市场基础制度改革的初心，对于进一步提升资本市场功能，更好服务供给侧结构性改革和高质量发展具有独特的作用。”中国证监会副主席李超在致辞时说。首批25家企业均属于科创板重点支持的新一代信息技术、高端装备、生物医药等高新技术产业和战略性新兴产业，其研发投入显著高于现有A股可比公司。9时15分许，首批科创企业所在的9省市各出一位企业代表上台，与上交所、中国结算签署上市协议和登记协议，完成上市前的最后一个流程。“科创板推出一系列新政策，使科创企业能以更快的速度实现跨越式发展。”中微公司董事长尹志尧说，科创板正成为推动国家高科技领域实现高速发展助推器。随后，25家企业的主要负责人登台见证敲锣仪式。锣声响起，交易大厅大屏幕上迅即滚动出这25只股票的即时交易行情，科创板由此开启“交易时间”。“科创板的一系列制度创新，可以为我国资本市场进一步深化改革提供许多先行经验，可以促使资本市场更趋成熟。”华兴资本董事长包凡说。回望来路，一个意见、两个办法、几十个配套制度措施、149家申报企业、259天……自去年11月宣布设立科创板至今，科创板改革之速、力度之大，令各界惊叹。“我们相信科创板会越来越好，会从多个层面为中国资本市场、为中国经济注入新的力量。”富达国际中国区股票投资主管周文群说。
手机、汽车和房地产的故事，就是全球经济的故事,http://baijiahao.baidu.com/s?id=1639725148894635384,界面新闻,发布时间：07-22 10:41,最近公布的中国6月份贸易数据显示，上半年出口重点商品中，金额减少最多的是智能手机，减少130亿美元，降幅为16.9%。手机出口减少了，对手机零部件，比如芯片的需求和进口也减少了，1-6月进口重点商品中，进口减少最多的是集成电路，减少101亿美元。是因为全球手机市场的低迷，主导了外贸数据的变化？从IDC发布的全球智能手机的出货量（上图）来看，今年一季度发货量3.1亿部，明显低于历史水平，比去年同期下降7%，跟去年一季度的-2.9%相比，降幅更大。上文提到，中国1-6月进口重点商品中，进口减少最多的是集成电路，而集成电路进口主要来源是韩国和中国台湾；从下图可以看到，韩国的半导体出口和中国台湾的电子品出口，自去年四季度开始，出现了大幅回落，这也是拖累韩国和中国台湾整体出口回落的重要原因。7月18日消息，韩国央行下调利率25个基点至1.50%，为三年来首次降息，显示出韩国受到的负面冲击更大。那么我们就整理出来了一条脉络：全球智能手机行业的下滑，拖累了中国出口，进而拖累了中国对集成电路等零部件的进口，最终传导到了韩国和中国台湾的出口下滑，这是东亚经济体的一个故事。第二个故事，我们把目光转向欧洲。我们发现，全球工业明星德国的制造业PMI，近期成为了同行中表现最差的。从下图可以看到，德国的制造业PMI表现，不仅明显弱于美国和日本，也弱于欧元区整体和邻居法国。我们首先来看看，德国和法国的出口结构。从下图中可以看到，德国的第一大出口商品是机动车，占比23.48%，而法国的第一大出口商品是飞机，占比23.88%，也就是大名鼎鼎的空客了。合理猜测，德国制造业PMI低迷，一个重要原因可能是全球汽车行业的低迷。从数据来看，今年一季度，德国运输设备出口金额，同比下降8.7%。中国是全球汽车产销的第一大国，我们来看看，今年一季度，中国汽车的销售情况。从下图可以看到，从销量上看，前五大品牌为自主品牌、德系、日系、美系、韩系。法系已经萎缩至极低水平。从增速上看，美系表现最差，增速-25.4%，自主品牌也较差，增速-20.9%。德系销量排第二，增速也为负增长，为-7.1%。全球汽车行业的低迷，对德国工业产生了明显冲击。第三个故事，我们把目光转向自己。根据刚刚公布的上半年中国宏观数据，上半年工业增加值增速6.0%，较去年同期的6.7%和一季度的6.5%均出现回落，我们来看看主要行业的工业增加值增速（下图）。可以看到，回落幅度最大的是汽车制造，由去年同期的10.1%，回落到上半年的-1.4%，这也是主要工业行业中唯一负增长的。计算机通信由12.4%回落到9.6%。回落的主要原因，与上文提到的智能手机和汽车行业的低迷有关系。但是我们要注意，并非所有行业的增加值都在下行。增加值增速攀升的有：非金属矿物制造、黑色金属冶炼、有色金属冶炼、金属制品、铁路船舶等。整体来说，传统行业在拉动工业，汽车、计算机通信、医药等新兴产业在拖累工业，这就是目前的工业图景。那么为什么会出现这种分化呢？我们再来看固定资产投资。上半年，全国固定资产投资（不含农户）299100亿元，同比增长5.8%，增速比1-5月份提高0.2个百分点。其中，工业投资同比增长3.3%，增速比1-5月份回落0.2个百分点，继续维持在低位。其中房地产开发占固定资产投资的比例，今年达到了过去十年来的最高。房地产是拉动上半年投资的重要力量。进一步观察房地产开发投资中各分项的增速，可以看到，房地产开发投资的主要拉动力量，是建筑工程，也就是土建等。建筑工程的增长，拉动了钢筋、水泥、玻璃等上游行业的需求，也就有了前文提到的传统工业行业的增速抬升。房地产投资有一个领先指标，就是土地购置。从下图可以看到，成交土地的情况，确实对房地产中的建筑工程投资有领先性。不过图中的阴影区域是个例外，阴影区域为2017年二季度到2018年三季度，这段时间土地成交的增速很快，笔者猜测可能与棚户区改造有关系，但是同期的房地产投资增速不高。从土地成交来看，未来房地产投资的增速不会继续走高，但是回落也不会太快，表现出一定的韧性，主要是持续消化17-18年拿的土地。综上所述，我们通过三个案例，发现智能手机、汽车、房地产是观察当前经济运行的重要行业，而且对宏观经济总量产生了显著影响。这些行业将为我们提供分析的线索。比如智能手机的换机周期和5G手机的商用，将对未来的出口产生影响；如果中国汽车销售见底回暖，会传导至德国PMI的触底，进而对欧元汇率产生影响；而当前的房地产调控政策，将对未来的投资和工业产生影响。但是另一方面，重点行业主导整体经济走势，也为宏观调控带来了新的难题，因为总量调控手段，难以对冲局部行业的波动。（文章仅代表作者观点。责编邮箱：yanguihua@jiemian.com）
湖南迄今为止投资规模最大的台资项目8月将在岳阳投产,http://baijiahao.baidu.com/s?id=1639735987140479913,红网,发布时间：07-22 13:38,7月20日，岳阳城陵矶综保区打印机项目生产区厂房进入设备安装阶段，将于8月份试生产。该项目总建筑面积约59万平方米，工程总投资27.6亿元。项目投产后，预计将实现年产值100亿元。（记者 李璐 通讯员 李西 周波）仅7个月，一个面积相当于83个足球场大的项目拔地而起。7月20日，岳阳城陵矶综保区打印机项目生产区厂房进入设备安装阶段，将于8月份试生产。该项目是湖南迄今为止引进的投资规模最大的台资项目，也是近年来岳阳市最大的建设投资项目。项目总建筑面积约59万平方米，工程总投资27.6亿元。项目投产后，预计将实现年产值100亿元，货运量3万标箱，年进出口总额20亿美元，年创税费10亿元，吸纳就业1万人以上。项目最大难点在于工期紧，须在8个月内完成31万O的工业厂房工程。从去年12月进场到现在，项目团队在一片泥地上建立起1栋成型厂房、2栋组装厂房、2栋材料仓库、1个成品仓库及其他配套工程等10栋主体建筑，创造了投资方新金宝新建厂房的最快速度。日前，项目生产区厂房室外管网全部完成、管架连廊、外墙涂料、门窗及室内给排水系统、电气系统、防排烟系统安装及调试完成，项目“五脏六腑”和“外套”初步显现。“通过减少过程中很多的招标环节，大大缩短工期，项目只面对一个主体单位就是中建五局。”中建五局工程总承包管理中心总经理任长文表示。传统模式下，所有专业施工图必须经过图纸审查合格后，才可用于施工。而EPC（ Engineering Procurement Construction）工程总承包管理模式下，设计通过分阶段出图、分阶段图审，使得施工的插入时间大大提前，在整体项目施工周期不发生变化的情况下，大大缩短了项目整体建设时间。据项目生产区项目经理夏友亮介绍，项目采用的EPC模式，对工程建设项目的设计、采购、施工等环节实行全过程管理。项目管理组织机构实行“企业层级管理、总承包管理项目部、施工项目部”三级管理体系，实现了融合高效、协同联动的“作战”目的。通过层层分设技术质量部，项目紧抓项目技术质量管理工作。此外，企划管理部制定总进度计划、关键节点计划和关键路线三套计划，团队成员收集各方信息，实时更新汇报，制作施工工序导航图，不定期组织各方会议纠偏，确保工程按照计划实施。在保障项目质量的同时，大大缩短工期。
趣头条注册资本增加至1000万 增长566.67%,http://baijiahao.baidu.com/s?id=1639723010892071114,鞭牛士,发布时间：07-22 10:13,鞭牛士7月22日消息，天眼查数据显示，7月18日，趣头条运营主体上海基分文化传播有限公司发生工商变更，注册资本增加增加至1000万，增幅达566.67%。变更后趣头条创始人谭思亮为最大股东，持股44.55%。除此之外，李磊等5位董事退出，新增董事澎湃新闻副总经理黄武锋和陈思晖。
华夏银行选举王洪军、罗乾宜为副董事长,http://baijiahao.baidu.com/s?id=1639723301087128514,每日经济新闻,发布时间：07-22 10:18,每经记者：张卓青    每经编辑：徐豪图片来源：摄图网近日，华夏银行（600015.SZ）发布公告称，董事会审议并通过了《关于选举副董事长的议案》，该行选举王洪军、罗乾宜为副董事长，华夏银行表示目前两人的相关任职资格尚待银保监会核准。公开资料显示，王洪军出生于1969年3月，硕士研究生，高级会计师。曾任北京金隅集团有限责任公司副总会计师、总会计师；北京金隅股份有限公司财务资金部部长、财务总监、董事。现任首钢集团有限公司财务总监，值得注意的是，首钢集团有限公司是华夏银行的第一大股东，持有该行20.28%的股份。罗乾宜，1965年9月出生，博士研究生，高级会计师，享受国务院特殊津贴专家。曾任中国兵器工业总公司财务会计局副处长；中国燕兴总公司副总经理兼总会计师；中国兵器工业集团公司财会审计部主任；中国兵器工业集团公司总会计师兼任兵工财务有限责任公司副董事长；中国兵器工业集团公司总会计师兼任兵工财务有限责任公司董事长。现任国家电网有限公司总会计师、党组成员。《每日经济新闻》记者注意到，今年一季度华夏银行业绩增长较为平稳，该行在今年一季度共实现营收195.09亿元，同比增长了22.66%，归母净利润为46.04亿元，同比增长了1.21%。截至今年一季度末，该行的资产总额为2.79万亿元；不良贷款率为1.85%，与上年同期持平；拨备覆盖率为157.51%，同比下降1.08个百分点。
为给蔬菜水果防暑降温，新发地制冰厂24小时不停歇,http://baijiahao.baidu.com/s?id=1639735097847133049,北晚新视觉网,发布时间：07-22 13:22,"连日来高温闷热，为给蔬菜水果防暑降温,新发地的制冰厂开足了马力，24小时不停歇制冰，这几天每天都得制造100吨左右。新发地汇聚了全国各地的蔬菜水果，保障着北京市民的蔬菜供应。在高温天气里，如何给蔬菜水果防暑降温？相关负责人介绍，蔬菜商户们对碎冰的需求量非常大，商户会先将报纸铺在蔬菜上面，然后撒上碎冰碴来降温保鲜。水果降温保鲜主要靠冰袋，而海鲜生鲜商户则更需要冰块。相关负责人介绍，从5月开始北京新发地市场的制冰厂就进入了生产旺季，制冰量从每天十几吨不断攀升，尤其是进入7月份，随着高温天气持续，厂里的制冰机器昼夜不停地生产冰块，每天大约需要制冰100吨左右才能满足商户的各种需求。大的冰块有100斤重，小的有经过碎冰机制作的碎冰碴，还有分装好的冰袋。为了服务好商户，新发地市场还会给大批坚守一线的商户送去冰水和绿豆汤防暑降温。为了保证上市蔬菜的新鲜，北京新发地鼓励商户尽量在夜间交易，尤其是叶菜类商户，近期绝大部分已经转为了夜间交易。在新发地百舸湾公司，社区蔬菜直通车会在当天下午将土豆、洋葱、大葱等耐放的蔬菜采购整理好，当天半夜或凌晨才去采购新鲜的叶类菜，然后直接配送到社区，让绿油油的蔬菜最“鲜”抵达市民身边。记者了解到，高温目前未影响到蔬菜价格，近一周新发地的蔬菜价格呈下降趋势。据市场统计，7月19日新发地市场蔬菜的加权平均价是1.8元/公斤，比7月12日的2.1元/公斤下降了14.29%，比去年同期的1.84元/公斤下降了2.17%。相关负责人介绍，蔬菜价格持续下降的主要原因是目前北京的蔬菜主产区由南向北的转换基本完成，北方产区如张家口、辽宁、内蒙古、山西等地区的蔬菜都在陆续上市，市场蔬菜保有量的上升，抑制了价格的上涨。"
科创板开市，约9家公司涨超100%！一文了解股民关..,http://baijiahao.baidu.com/s?id=1639725607839559987,德林社,发布时间：07-22 10:56,文 | 杨万里千呼万唤始出来！7月22日，伴随着25家上市企业敲起的锣鼓声，科创板正式开市。与主板不同，科创板股票上市前五日不设涨跌幅限制，之后每日涨跌幅由主板的10%放宽至20%。截止上午10点，约9家公司涨超100%。其中，安集微电子、澜起科技上涨幅度超过200%。面对肩负使命的科创板，未参与科创板的小股民关心的是，科创板将如何影响市场？回顾历史，2009年，当创业板首批28家公司上市首日，平均涨幅为106.23%。其中，涨幅最高的是金亚科技，高达209.73％，而涨幅最小的南风股份也有75.84％。不过，在经历短期炒作后，市场逐渐回归理性。三个月后，首批创业板上市公司平均涨幅为-15.90%。如果在高点买入相关公司，甚至可能亏损超30%。周末内参提示到，在创业板开板之后的一个月左右时间里，上证指数上涨13.54%，深证成指涨15.61%，此后两大指数均走入8个月的震荡下跌熊途之中。形成反差的，在创业板开板的前后一年时间里，中小板指数则是走出连续的牛市行情，一年时间里上涨57.91%，创业板开板之时正是中小板牛市半山腰。复盘创业板，它对中小板风险偏好起到一定提振作用。而科创板对标股、科技概念短期受事件驱动或有上涨空间。科创板有个特点，即市盈率打破了23倍的新股发行隐性规则。科创板首发25家公司平均发行价为29.2元，平均市盈率为53.4倍。其中，中微公司以170.75倍市盈率占据榜首。（首批科创板发行价对应2018年PE）部分市场人士在热议，对于那些高市盈率公司，如何看待呢？上交所表示，科创企业因其科技含量、企业发展模式都与传统企业有所不同，因而投资者应脱离此前单一的“唯市盈率论”。分析科创板公司核心应看两点：首先看上市公司质量。本次上会的25家公司中，涉及计算机、通信和其它电子设备制造领域的公司有9家，涉及专用设备制造业的公司有8家。从研发投入数据看，15家公司研发投入在5000万元以上，其中7家研发投入超亿元。从申请专利看，中国通号、中微公司和光峰科技的专利数较多，分别有1421件、951件和792件，航天宏图、新光光电和瀚川智能的专利数相对较少，分别只有8件、11件和44件。其次，要关注上市公司的信息披露情况。与创业板不同的是，科创板实施的是注册制，上会条件比以往更严谨。目的是为了减少上市公司虚假信息披露情况发生以及筛选真正有价值的公司。数据显示，今年以来，监管层加强了对上市公司信息披露的管理，并且加快了劣质公司的退市，例如5月深交所就一次性发布了7家暂停上市公告。此外，科创板也推出了“保荐跟投”制度，更加突出了中介机构的责任。从科创板首批25家挂牌上市公司的保荐机构分布来看，中信建投5.5家，华泰联合3.5家，中信证券3家。对于那些尚未满足科创板开户门槛的小投资者也在担忧，科创板会产生分流效应，是这样吗？经尺度APP查询，从创业板开市后成交金额来说，开市当天28只创业板股票总成交金额为219亿元，成交额占沪深两市总成交金额的10.09%（当日两市总成交金额为2170.89亿元）。之后创业板市场成交额开始回落，此后半个月内，平均成交金额仅为39.6亿元。用创业板开市经验看，首日会对市场产生一定的分流效应，但在接下来的交易日中逐步消退。周末高层官员也表示，首批25家上市企业容量有限，如果按80%换手率来算大约会有300亿成交金额，与沪深主板相比资金额较小，不会产生较大冲击。值得关注的是，此前MSCI官网显示，将会在11月半年度指数评估前继续观察中国科创板，并提供进一步合格性评估。如果首批上市的科创板公司能纳入MSCI名单，这对资本市场无疑是一大利好。当然，在乐观之际也建议大家保持一份理性。回顾创业板的历史走势，当年那些爆炒的如金亚科技（停牌）、南风股份、华谊兄弟等上市公司，它们现在股价已经没有了高光时刻的盛况。真正的优质上市公司不是短期出现的，前期大幅炒作反而透支了未来的空间。上市后一些基本面质地不好的公司不排除破发的可能，这是大家要关注的。因此，尺度app接下来将着重关注科创板上市公司的基本面，用具体数据分析单家公司。
山东新开工这593个重大项目 青岛投资额最多,http://baijiahao.baidu.com/s?id=1639723304652132022,闪电新闻,发布时间：07-22 10:14,记者从山东省发改委获悉二季度全省共有593个重大项目开工建设总投资5196亿元其中，潍坊开工项目数量最多，达85个；青岛、菏泽、聊城分别开工63个项目，青岛开工项目投资额最多，达1530亿元。“这些项目陆续开工，将显著扩大有效投资，推动补齐重点领域短板，为全省新旧动能转换和高质量发展集聚能量。”省发改委相关处室负责人介绍，已开工重大项目加快推进，不断形成实物工作量，上半年，省级调度管理的2019年省重点项目及新旧动能转换两批优选项目共计完成投资1649亿元，有力支撑全省投资运行和结构调整。按照省委、省政府《关于“担当作为、狠抓落实”重点任务的实施方案》要求，现将《全省二季度新开工重大项目清单》公开发布。（来源：大众日报 ・ 新锐大众 记者 杜文景 通讯员 李宪泽）
科创板鸣锣开市，首批25家公司正式上市交易,http://baijiahao.baidu.com/s?id=1639723060464910582,河北新闻网,发布时间：07-22 10:16,去年11月5日，我国在首届中国国际进口博览会上郑重宣布，在上海证券交易所设立科创板，并试点注册制，短短259天之后科创板便成功上市交易，这是中国资本市场的一大奇迹。25家上市公司都是先进制造业企业。从行业分布来看，新一代信息技术类企业13家，新材料产业5家，高端装备制造产业5家，生物产业2家。首批科创板上市企业科技成色很足。25家上市公司2018年研发投入金额在营收中平均占比11.3%，远高于A股其他板块。其中15家企业去年研发投入在5000万元以上，7家去年研发投入超过亿元，中国通号研发投入高达13.8亿元。在25家企业中，有10家去年营业收入超过10亿元，占比为四成。在净利润方面，有13家企业去年归母净利润超过1亿元，占比超过半数。为适应科创的企业的特点，科创板设立了全新的制度和规则，新规则多达40余项，富有很大的包容性。来源：中国日报
微盟集团(2013.HK)：SaaS业务与智能营销..,http://baijiahao.baidu.com/s?id=1639723047253343201,格隆汇,发布时间：07-22 10:14,机构：东吴证券评级：增持公司为基于微信生态的中小企业服务第三方服务商，业务主要包括零售SAAS服务业务和精准营销服务。从经营层面来看，公司收入方面在SAAS业务和智能营销业务双拉动下，持续实现高速增长，其中2018年公司收入达到8.65亿元，同比增长62%，随着公司B端业务体量的增加，业务增长的潜力将逐步释放，预计未来三年内有望持续保持高速增长；公司业绩方面，亏损率有所收窄，亏损主要原因为营销成本过高，15/16/17/18年销售及分销开支与收益的比值分别为91.1%、107.0%、56.0%、52.0%，我们预期随着业务规模的增加销售费用占比下降将迎来盈利拐点。从主要业务业务指标来看，软件订阅业务付费商户数量从2015年的23859个增加到2018年的64695个，同时单商户的ARPU稳步增长，另外业务流失率逐渐下降，16/17/18年流失率分别为48.7%、27.2%、26.8%；精准营销业务，2018年广告主数量达28589个，增速为61.7%，ARPU为87185元，增速为65.2%，复投率为55.4%，提高4.8个百分点，公司业务结构逐步优化，合作中小企业商户稳步增长，留存率及广告复投率都有所提升。在业务层面，公司深耕中小企业服务市场：1、公司实施统一与定制化相结合的服务路线，SAAS产品提供统一的解决方案，PaaS平台提供定制化的服务；2、公司在底层系统的基础上，针对垂直领域提供不同的解决方案，建立起多场景、垂直化的商家服务生态；3、两块业务协同发展，打造一站式的服务体系；4、公司在基于腾讯流量基础，拓展其他平台流量体系，拓展流量渠道。自14年起由于SaaS业务在降低中小企业存储成本、功能快捷更新等方面的优势，行业迎来快速增长期，我们预计未来有望持续保持较高速增长；另外由于电商的逐步的去中心化，基于微信流量的第三方中小电商服务行业兴起规模持续扩大，公司依据自身产品及大数据积累等方面优势，逐步夯实龙头地位，未来基于腾讯流量体系，在去中心化的趋势下为B端赋能的潜力值得期待。盈利与投资评级：我们预计2019-2021年营业收入为13.03亿、18.01亿、23.15亿元，归母净利润分别为0.97亿、1.81亿、3.04亿元，对应当前股价PE分别为92、50、30X，看好公司发展前景，给予“增持”评级。风险提示：对于腾讯平台较为依赖的风险；产品开发及完善滞后市场发展的风险；渠道合作伙伴流失的风险。
科创板正式开市交易：首批25家公司登陆上海证券交易..,http://baijiahao.baidu.com/s?id=1639723117553060237,央视网新闻,发布时间：07-22 10:17,今天（7月22日），中国资本市场将迎来一件大事――科创板正式开市交易，首批25家公司将登陆上海证券交易所。首先来了解一下此次登陆上交所科创板企业的情况。今年6月18日晚间，上海证券交易所官网上一则极其简单的消息披露引发了许多人的关注：一家名叫华兴源创的公司，作为首批科创板申报企业正式注册生效，并随即拿到了代号为688001的股票代码，成为历史上第一只科创板股票。传统上我们上交所的股票以600开头的，所以688开头有个非常好的辨识，投资者一看这个代码就知道是科创板的股票。2019年7月22日，包括华兴源创在内，一共有25只以688开头的股票将正式进入上市交易环节，而它们与其他板块股票不同的远远不只是代码这么简单。我们传统的那些市场板块，比如说主板、中小板，还有创业板，在传统上是以企业的发展阶段或者是以企业的规模作为划分依据的。科创板首批上市25家企业中，有13家公司的行业属于新一代信息技术，占比52%，高端装备公司和新材料公司各5家，分别占比20%。此外，还有2家公司属于生物医学行业，占比8%。值得注意的是，从公开业绩上看，虽然大部分上市企业都在2019年上半年实现了净利润的同比增长，却有两家公司净利润下滑，一家处于亏损状态。重视成长性而非短期盈利，对各类成长型企业的包容，正是科创板有别于其他A股市场的一个显著特征。我们可能看不到他的利润，看不到他的收入，我们更多关注是什么？更多是看它的技术含量，有没有科创属性。
早财经丨香港特区政府强烈谴责示威者围堵中央驻港机构..,http://baijiahao.baidu.com/s?id=1639722105563708524,每日经济新闻,发布时间：07-22 10:01,"7月22日，首批25家公司将开启科创板上市之旅。科创板首批25家上市公司的。5家公司首发市盈率超过60倍，占比20%，较创业板首批上市的28家上市公司的这一比值低12个百分点。8家公司首发市盈率不足40倍，占比32%，而2009年10月首批创业板上市公司的首发市盈率均超过了40倍。首批科创板上市公司的发行。首批科创板上市企业中，从流通股比例来看，，其中福光股份以23.08%的流通比例领先。另一方面，主业为集成电路领域的澜起科技，以6.58%的流通股比例成为首批上市的科创板企业中，比例最低的一家。中信证券21日发文称，。在T+1机制下，首日充分换手后，卖出压力会明显衰减，所以持续调整空间有限，更可能走出高开低走再缓慢上行的走势，过往创业板新股的分时走势也符合此特征。直播丨科创板开市！每经记者6路出击三地 连线接力6小时！就7月21日的游行后，有部分激进示威者偏离游行路线，冲击中央人民政府驻香港特别行政区联络办公室（中联办）大楼，并涂污国徽，作以下回应：中联办是中央政府在港设立的驻港机构之一，负有宪制功能。特区政府强烈谴责示威者恶意包围和冲击中联办大楼，并涂污国徽，公然挑战国家主权，特区政府会严肃处理并依法追究。特区政府一直对市民和平表达诉求予以尊重，但近日发生一连串事件，包括和平游行后一再发生违法示威、冲击警方防线、包围警察总部、堵塞道路等。警方更发现有人非法储存危险物品及大量攻击性武器。特区政府担心一小部分激进人士，有计划地煽动群众，挑战法纪，甚至冲击中央驻港机构，此举对特区的治安及“一国两制”构成威胁，社会绝不能接受。7月21日晚发表声明，对部分激进示威者围堵中联办大楼并污损国徽的行为表示严厉谴责。21日晚就香港部分激进示威者围堵中央人民政府驻香港特别行政区联络办公室一事发表谈话，对有关恶劣行径表示强烈谴责。暑期到了，许多家长开始给孩子报培训班，而北京培训班的名额几乎要靠“抢”。据悉，很多家长在两个月以前，就已给孩子报好了暑期培训班，而秋季的培训班报名，现在就已经启动了。有家长一个暑期给孩子报的培训班就花费7200元。当地时间7月20日，YahooFinance播发了对华为CEO任正非的部分采访实录。任正非透露，在麒麟已经有完整芯片解决方案的前提下，华为去年依然采购了5000万颗高通芯片。今年，公司授权消费者业务可以采购足量的高通芯片，而且会达到。2018年华为终端总共售出了大约2.06亿台手机。电子政务的精细化，有赖于消除“信息孤岛”和“数据烟囱”，实现数据的精细化治理。在领域的数字化进程中，我们需要更加。我们必须以切实有效的技术措施，保护好政府、企业和个人的信息安全。面对这个新挑战，互联网企业既要发挥所长，更要担起责任。针对近日微博上蔡徐坤、周杰伦双方粉丝的打榜较量，人民日报21日发表评论称，两名艺人各自拥趸的较劲，虽是娱乐“游戏”，却映射了。这不是代际冲突，更无关价值观断裂，而是一场联合致敬，寻找内心深处的寄托。一个时代有一个时代的偶像，一个群体有一个群体的向往，向美好看齐，夯实审美坐标，岁月就无法带走我们的乡愁和坚守。新华社21日消息，记者从有关方面获悉，中美双方正在落实两国元首大阪峰会期间会晤达成的重要共识。近期，美方宣布对，并表示愿意推动美国企业为相关中国企业继续供货。有关方面表示，已有有关中国企业根据国内市场需要，向美国出口商就采购农产品询价，并根据国务院关税税则委员会相关规定，申请排除对拟采购的这部分自美进口农产品加征的关税。国务院关税税则委员会将组织专家对企业提出的排除申请进行评审。据了解，为满足中国消费者需要，有关中国企业有意继续自美进口部分符合国内市场需求的农产品。中方有关部门表示，希望美方与中方相向而行，切实落实美方有关承诺。7月21日，中金公司发表最新研报，预计贵州茅台三季度的供给更加趋紧，预期三季度营收增速进一步下行至15%左右。由于2019年茅台酒实际供应压力大于预期，下调系列酒的2019年-2020年的营收至95亿元-110亿元，下调盈利预测至420.44亿元-527.17亿元，。央视记者在河南义马气化厂爆炸事发现场了解到，爆炸厂区出现污水外泄，环保部门已采取等方法进行处理。当地环保部门表示，经排查发现，有部分消防废水和事故废水流入当地的涧河，义马市和渑池县政府已在事发地点下游河段修筑4道拦水坝。目前，受污染水体全部被拦截在义马市境内，应急处置工作正在开展。7月19日，经媒体报道及转载后，云南绥江县两名女性党员干部钟尚敏、宛辛勤因拒绝组织提拔被严肃处理一事引发广泛讨论。20日晚间，绥江县委常委、宣传部部长李平针对此事接受了澎湃新闻采访。李平向记者表示，乡科级干部并不是说一定要下乡镇工作，组织上称的乡科级干部就是指副科级以上干部。对于钟尚敏、宛辛勤两名女干部的下一步岗位安排，李平称，，目前她们还没有到任新的岗位。据央视新闻，随着杨健在男子10米台项目上夺冠，2019年国际泳联世锦赛跳水项目落下了帷幕。中国跳水队在参赛的，这也创造了中国跳水队在世锦赛上新的历史。据央视新闻，当地时间20日晚，2019年国际网球名人堂入堂仪式在美国举行，已退役的中国网球名将李娜正式进入国际网球名人堂，成为进入该名人堂的。名人堂在声明中说，李娜热爱这项运动，在培养、激励年轻人方面发挥了巨大作用。7月20日，全市场参与主体参与了科创板历史上唯一一次“实战演习”――即交易业务通关测试。25只科创板股票首次集结完毕，担当“测试产品”，科创板股票及主板各类产品均进行测试。数家券商的信息技术部对记者表示，该次通关测试顺利。记者了解到，多家券商的都提升到历史峰值水平的，其中中信证券的容量设计达到比照普通主板股票6倍以上的请求量。针对科创板交易时可能出现的不确定情况，多券商都准备了应急预案。多家券商都成立了科创板工作小组，系统性地对科创板各项工作进行全面准备。据澎湃新闻，被错关11年之后获无罪，甘肃民营企业家赵守帅认为，仅获得人身自由赔偿远不能弥补他的损失。因此他还以企业的名义，向曾经将他错误定罪的河南省新乡中级人民法院提出了。但该申请先后被新乡中级人民法院、河南省高院驳回，他又向最高人民法院提出了申诉。7月20日，赵守帅已接到通知，最高人民法院7月15日已立案受理他的申诉。7月21日，漫威影业总裁凯文・费奇（Kevin Feige）正式宣布，《复仇者联盟4：终局之战》全球累计票房超过《阿凡达》的27.897亿美元，成为。7月18日，太原市规划和自然资源局官网公示了4家房地产开发有限公司违法建设查处公示，共计罚款。它们分别为：太原师范学院开发的太原师范学院高层住宅楼；太原汽车制造厂开发的职工住宅楼项目；山西省体育局开发的24#住宅楼；山西凯乐大厦有限公司开发的凯乐大厦扩建工程A段、B段以及综合楼。澎湃新闻21日消息，上海实行垃圾强制分类20天，城管执法部门已开出607张罚单。其中，占比最高，占案件总数54.2%，但；其次为未分类投放的案件占比43.3%，较第一周上升6.1%。此外，居住小区问题发生率15%，较第一周下降了17%。7月19日，工信部赛迪顾问县域经济研究中心发布的《2019年县域经济高质量发展指数研究成果》显示，中国县域经济总量达39.1万亿元人民币，约占全国的41%。2019年中国百强县名单显示，三省表现抢眼，分别占26席、19席和18席。央视财经21日消息，最近，重庆警方通报破获了一起特大制售假冒香皂的案件。在制假“黑工厂”，警方查获了假冒品牌香皂数10万块，原料和半成品30余吨，涉案金额高达2.5亿元。据介绍，主要嫌疑人从2013-2018年在汕头设立制假工厂，组织团伙成员购进低价劣质原料，通过香精勾兑和染料调色，仿制品牌产品的香气和外观特征，大肆制售假冒“宝洁”“力士”“浪奇”等知名品牌香皂，成本低廉获利巨大。据悉，这些假货气味刺鼻，制造成本只有0.5元左右，通过几层批发分销，到消费者手中一般在。央视财经20日消息，最近，疫苗短缺现象频频出现。前两天，深圳市疾控中心表示，深圳市一类疫苗缺口达17.5万支，而在广西，不少给孩子接种疫苗的家长也遭遇了疫苗缺货的情况。缺口最大的麻风疫苗供应率不到20%。广西疾控中心负责人表示，疫苗短缺是全国性的，主要原因是生产企业产能不足，从短时间内还看不到有供应改善的迹象。这些短缺的一类免费疫苗，均可以使用。央视新闻21日消息，7月21日，北京市人力资源和社会保障局发布消息，北京市2019年积分落户申报阶段已于7月20日24时结束，参与申报。自7月21日起，年度积分落户工作进入审核汇总阶段，相关部门将在8月19日前对积分指标进行审核汇总。平安天津21日消息，为彻底摧毁以颜锦、杜明、阎岩为首的3个涉黑涉恶犯罪集团，清除社会治安隐患，天津市公安局决定自即日起，向社会各界和广大人民群众公开征集颜锦、杜明、阎岩及其犯罪集团成员的违法犯罪线索，请广大人民群众积极检举揭发。对举报的公安机关尚未掌握的违法犯罪线索，查证属实将按照有关规定给予。公安机关对举报人身份信息、举报内容等严格保密，对泄漏举报人身份信息、打击报复举报人的，将依法从严、从重处罚。支付宝日前宣布，旗下香港版“支付宝”AlipayHK已获许可，其移动支付服务使用范围将由粤港澳大湾区逐步扩展到全国其他地区。支付宝表示，AlipayHK是首个在全国范围开通服务的，今后香港用户也能够不带钱包游遍内地。7月21日，在韩国光州举行的第十八届游泳世锦赛进入到游泳项目的争夺。首个比赛日，第七次参加世锦赛的中国选手孙杨在男子400米自由泳决赛中摘金，实现该项目。这也是孙杨收获的第十枚世锦赛金牌。21世纪经济报道记者从接近监管层的公募人士处获悉，多家公募机构收到了上交所产品创新中心7月21日发出的关于转融通证券出借业务的有关事项的通知，该通知对公募机构参与转融通证券出借业务进行了进一步明确。根据交易所最新的通知要求，公募机构须后，方可开展转融通证券出借业务，而已开通相关权限的公募机构，应当根据证金公司的要求，向证金公司报备交易单元，即只有通过已报备的交易单元，才能开展转融通证券出借业务。中国地震台网正式测定：07月21日20时23分在云南丽江市永胜县（北纬26.16度，东经100.62度）发生4.9级地震，震源深度10千米。新华社记者21日从应急管理部获悉，截至22时30分，当日在云南丽江市永胜县发生的4.9级地震暂无人员伤亡报告，震中地区有少量砖木、土木墙体损坏。根据沪深交易所定期报告预披露时间安排，本周将有48家公司披露中期业绩情况。23家公司已经进行了业绩预告，具体来看，11家预增，4家略增，2家扭亏，2家预减，2家略减，永安林业续亏，龙泉股份首亏。本周将有4600亿元逆回购资金到期，周二还有5020亿元MLF资金到期。因此，本周会有9620亿元资金到期。上周央行累计开展逆回购操作4600亿元，开展MLF操作2000亿元，期间有1885亿元MLF到期，故上周公开市场操作累计实现净投放4715亿元，创下近半年来最大规模单周净投放。Wind数据显示，本周7月22日至26日，A股限售股上市数量共计45.6亿股，以7月19日收盘价计算，市值为268.01亿元，较本周环比增长显著，但仍处于较低规模的解禁水平当中。目前已披露信息显示，沪深A股市场本周共有三只新股上市，分别为周三（7月24日）的神马电力、小熊电器以及周四（7月25日）的柯力传感。三家公司此次合计发行股份9989.46万股，其中神马电力、柯力传感均将于沪市主板上市，小熊电器于深圳中小板上市，神马电力目前已公布发行价格为5.94元/股。专题丨科创板开市大扫描最担心的事发生了，有人拿奔驰做共享汽车，75辆车不见了！创业者能否模仿微信红包和捂脸表情？小心，有人被判赔90万公募基金报警了！遭同行总经理登门辱骂，代人出头还是私人恩怨？据36氪报道，英国咨询公司凯度集团（Kantar）研究报告称，iPhone XR在第二季度是美国最畅销的智能手机，但苹果iOS设备在的销售份额都有所，而的销售量同期则在。中签号出炉，，每个中签号码只能认购1000股。中签的投资者应在7月22日及时足额缴纳新股认购资金。近日，公司接到启赋安泰的通知，启赋安泰基金所投资的标的企业――已于拟于7月22日在上交所科创板挂牌上市。启赋安泰基金于2018年6月完成对天宜上佳的股权投资，。本次发行结束后，启赋安泰基金持有天宜上佳股份数量为786万股，持股比例1.75%。安泰科技出资1亿元，持有启赋安泰基金份额比例为18.61%。回复深交所问询函称，公司不存在大股东占用上市公司资金情形。项目投入资金均用于该项目建设，的情形，与控股股东大族控股在瑞士的投资项目无任何银行资金往来。公司多次增资子公司大族欧洲股份公司，明确披露资金用于大族欧洲股份公司基础设施等建设，均履行了相应的审议程序和信披义务。公司现金流较为充足，不存在无法支付职工薪酬的情形。公司控股股东南航集团于近日与国务院国资委、广东恒健投资控股有限公司、广州市城市建设投资集团有限公司、深圳市鹏航股权投资基金合伙企业（有限合伙）共同签署增资协议，以推进南航集团股权多元化改革。广东恒健投资控股有限公司、广州市城市建设投资集团有限公司、深圳市鹏航股权投资基金合伙企业（有限合伙）分别以。科创板上市股票代码确定为688321，初步询价时间为7月26日，时间为。本次发行股票数量不超过5,000万股。A321neo被曝存危险缺陷。据参考消息网报道，英媒称，航空公司被提醒注意空中客车公司最新款飞机的飞行控制系统存在可能危险的缺陷，这一缺陷与目前处于停飞状态的。欧洲航空安全局针对空客A321neo飞机发布适航性指令，原因是这款飞机被发现在某些情况下机头上仰过度。空客表示，将在2020年第三季度前拿出永久性补救办法。载人航天工程总设计师周建平透露，中国空间站工作进展顺利：“我们空间站的基本构型三个舱，核心舱已经完成了初样的研制，两个实验舱也即将完成初样研制工作。”天宫二号空间实验室的成功发射与返回，标志着中国载人航天“三步走”战略的第二步完美收官，计划到我国将完成空间站在。新华网21日消息，中国香港中文大学机械与自动化工程系教授廖维新及其团队利用压电纤维材料和连杆，设计出含有类似发动机曲柄结构的设备，该设备重量只有307克。它被穿戴在腿上后，可捕获人体行走时膝盖自然弯曲产生的动能，并转换为电能，有望用于为可穿戴健康监测仪等供电。穿戴这种设备的人以的速度行走时，设备输出功率为央视网21日消息，7月20号是人类首次载人登陆，美国公布了“阿尔忒弥斯计划”的官方标志图案，正式宣告将在月球建立永久存在基地。根据计划，美国将在未来五年内安排一名男性或女性登月。这一计划极具雄心，就是回归月球，在月球定居，学习，把它作为前往火星或进行其他星际探索的中转站。据估算，“阿尔忒弥斯计划”或将花费200到300亿美元。截至2019年6月，我国IPv6活跃用户数达1.3亿，基础电信企业已分配IPv6地址用户数。中国工程院院士邬贺铨表示，我国IPv6地址储备量大幅增长，已跃居全球第一位。“IPv6地址数量能够满足当前规模部署要求，但随着物联网、车联网、工业互联网快速发展，我国未来对IPv6地址的需求量依然较大。”静待科创板开市的一周，市场观望情绪始终浓厚，消息面较平。沪指在持续缩量调整后，周中正式破位，跌破半年线大关，尽管多国央行降息的举措提振全球资本市场普遍上扬，但A股上周五反弹仍有气无力，全天涨停个股不足30只，唯一亮点是宽松预期下大宗商品、黄金概念股的上涨，另外，科创板对标股尾市的强势表演，有为科创板造势的意味。科创板本周开市，对主板市场资金引流几何需要值得关注，目前场内资金和场外资金对科创板的态度尤为重要。在创业板2009年10月底开市后5个交易日里，A股曾出现持续上涨行情，科创板此番能否刺激主板市场，有待观察。目前，在多国央行降息举措下，美联储降息预期持续提升，在全球宽松背景下，沪指跌破半年线，量能始终无法放大，走势疲软，技术层面上，C浪趋势向下，短期看市场则处于下行趋势的反抽阶段，因此，本周市场在科创板效应下，可能会出现反弹，但反弹的高度以及周期，需要基本面和资金面来共振决定，若反弹过程成交金额无法有效放大，弱反弹格局就需要择机减仓。基金二季报出炉 监管下发公募参与科创板投资有关要求的通知上周基金行业主要看点在两个方面：一是基金二季报悉数披露，各大基金重仓股也随之浮出水面，中国平安、贵州茅台、五粮液、招商银行、伊利股份、格力电器等个股领衔前十大，其中美的集团、泸州老窖、兴业银行和恒瑞医药这4只个股新进前十榜单。二是监管下发了公募参与科创板投资有关要求的通知，从研究报价、投资交易、销售管理、合规风控等四大方向对公募基金参与投资进行细化。另据wind数据显示，截至上周末，在全部的股票型和混合型基金中，约有4成的基金股票仓位比例在80%以上，有6成的基金股票仓位比例在60%以上，在调仓动作上，相较于截至7月14日的数据，超过3.5成的基金有较明显仓位上浮。新基金建仓方面，以基金跟踪最为广泛的沪深300指数作为参考，上周沪深300指数的跌幅-0.02%，从最近3个月新成立的基金来看，在偏股基金中，不到3成的新基金周涨跌幅超0.5%，大幅建仓迹象不明显。据央视新闻消息，当地时间7月20日，英国航空公司宣布，由于安全因素，已所有的航班。英航发言人称，这次决定取消7天伦敦飞往开罗的航班，就是进行安全评估的一次预防措施。英国外交部提示，鉴于恐怖分子对航空安全的威胁增加，从开罗机场飞往英国的航班将增加额外的安检措施。据悉，开罗机场里其他航班目前仍在正常执飞。再次延长紧急状态3个月。据新华社，埃及国家电视台21日报道说，埃及总统塞西当天签署总统令，宣布将全国范围紧急状态自本月25日起。据央视新闻消息，当地时间20日傍晚，由近百个韩国公民团体发起的抗议活动，在日本驻韩国大使馆附近举行。当天的抗议活动中有上千名韩国民众到场，抗议者手举抗议日本对韩国展开“经济报复”等标语，，同时也呼吁韩国政府对日本保持强硬态度。受到洋流变化及过度捕捞等因素影响，日本今年的鳗鱼苗捕捞量较去年同期减少近六成，降至6年来最低点。供应短缺也进一步推高了鳗鱼批发价，当前鳗鱼每公斤价格突破5000日元（约合人民币320元），较去年同期上涨超过一成。一些鳗鱼专卖店也从今年年初开始陆续将烤鳗鱼的价格提高了500-1000日元（约合人民币32-64元）。央视记者了解到，由于价格提高，鳗鱼替代品受到追捧，比如有，用三文鱼腹，浇上烤鳗鱼专用的甜口酱汁做，价格只有普通鳗鱼的一半不到。据环球网报道，日本当地时间21日晚，“京都动画”就18日发生的纵火案发表了一份官方声明，表示公司将尽可能为死伤员工家属提供帮助，还、或当面对其它相关人员进行采访。自即日起，中华人民共和国公民前往伊朗旅游可享受，允许逗留21天。| 刘明涛 黄小聪 王帆张弩 胡玲 郑直｜每日经济新闻 nbdnews 原创文章｜未经许可禁止转载、摘编、复制及镜像等使用如需转载请向本公众号后台申请并获得授权"
深圳警方通报财富中国等5家平台案情新进展,http://baijiahao.baidu.com/s?id=1639724626236038575,金评媒,发布时间：07-22 10:41,金评媒消息，7月20日，深圳公安局福田分局通报“汇通易贷”、“财富中国”、 恒富金融集团 、 前海汇能金融控股集团 、“钱眼金融”5家平台涉嫌非法吸收公众存款等案件最新进展。据通报，一、警方已将“汇通易贷”平台案件移交至福田区人民检察院审查起诉；警方已依法冻结平台5个涉案账户，现累计已冻结涉案资金150余万元人民币。警方敦促借款人尽快清还欠款至指定还款账号：6214680131571075（账户名：王双纯，开户银行：北京银行）或6214680131571059（账户名：刘云军，开户银行：北京银行），并注明还款人姓名，最大限度减少出借人损失。“财富中国”平台（含“要车车”平台）案件现已在福田区人民法院依法审理中。“财富中国”平台（含“要车车”平台）线下投资人需通过微信公众号“福田警察”进行报案，并在备注栏备注“线下”字样。警方目前正在核查深圳市财富之家金融网络科技服务有限公司相关业务人员提成，警方将对业务人员非法所得进行追缴，对于积极配合追缴的人员，将从轻从宽处理；对于拒不配合的人员，将依法严厉惩戒。警方在此敦促相关业务人员依法履行还款义务，相关款项归还至“财富中国”案件指定收款账户： 757562401054（开户行：中国银行，开户名：深圳市财富之家金融网络科技服务有限公司）.警方多次约谈 恒富金融集团案件涉案人员王某贵和龙某佳，并敦促恒富金融集团加强与投资人沟通，尽快落实兑付。警方已发函请求香港警方协查恒富金融集团涉港公司相关资料。警方正继续调取涉案资金账号流水，跟进司法审计事宜。警方已调取前海汇能金融控股集团涉案资金账户流水，并聘请第三方司法审计机构对涉案资金流水进行司法审计。警方已对该公司涉案人员办理限制出境手续，并约谈该公司涉案人员核查相关情况。警方将持续关注该公司的兑付情况。警方已轮候查封钱眼金融涉案人员李某位于深圳东门大鹏阁的15处不动产及龙华水榭春天的6处不动产，目前累计已依法查封涉案不动产共64处。警方已赴杭州依法冻结李某100%控股的杭州相关公司股权，并敦促其将名下资产用于清退，尽快落实兑付方案。金评媒JPMJPM责任编辑
