基金托管江湖生变：工行“一哥”地位依旧，兴业急升市..,http://baijiahao.baidu.com/s?id=1639922005389606620,第一财经,发布时间：07-24 14:56,随着银行理财子公司的逐个落地以及越来越多的非银金融机构获批证券投资基金托管人身份，原本只属于银行属地的基金托管市场正在发生着深入变化。第一财经记者根据Wind数据统计：今年截至7月23日，全市场新发行各类型公募基金700只，较去年同期新设立的基金数量增加95只，募集基金份额4951.32亿份，最新基金规模为4702.63亿元。而从新发行基金的托管人来看，今年出现了两大变化：一是托管人位次有所变动，在过去并不起眼的兴业银行今年一跃成为继工商银行后，基金托管份额和规模第二大托管行，二是虽然非银金融机构的基金托管数量和规模较小，但相比去年，在基金托管市场的话越权正在增加。事实上，早在2013年之前，基金托管市场是银行的天下。2013年初，证监会公布《非银行金融机构开展证券投资基金托管业务暂行规定》（下称《暂行规定》），该规定将券商等非银行金融机构也纳入了基金托管人行列，银行独食的格局被打破。但从总量来说，银行依旧占据了基金托管市场的绝对份额。在银行之中，基金托管数量最多的莫过于工农中建交五大行，尤其是工商银行，独占基金托管第一的位置多年，工商银行也是中国第一家证券投资基金托管银行。今年，新发行产品托管数量最多的依旧是工商银行，数量达106只，发行份额711.89亿份，资金规模达580.52亿元。五大行合计托管新发行产品357只，占比51%，去年同期占比为52%，优势地位事实上依然不减。除了五大行之外，股份行中的招商银行也是基金托管大户，今年截至到7月23日，托管新发基金80只，发行份额429.01亿份，最新基金规模426.44亿元。去年同时，招商托管新发基金81只，尽管数量上差不多，但规模却不可同日而语，去年托管基金的发行份额为678.51亿份。另外，股份行中的光大银行、民生银行也进入托管份额前十名，排在交通银行之前，作为城商行的代表，江苏银行位列第十。在今年的基金托管人列表中，上升最快的是兴业银行，去年兴业银行托管基金37只，排在五大行和招行之后，发行份额373.45亿份，排在工行、建行、中行和招行之后；今年，兴业银行托管新发基金数量依旧30余只，但发行份额达到604.87亿份，仅次于工商银行，基金最新规模超600亿元。“基金份额和规模还是与产品类型相关，固收类的规模一般较大，兴业银行一直以来以托管债券型基金见长，而今年公募行业主要的变动趋势就是被动指数产品大发展、机构投资参与多，比如债券指数基金。”一位基金公司业内人士对第一财经记者分析。而根据Wind数据显示，今年兴业银行托管的基金中，几乎清一色为债券型基金，包括：中长期纯债18只，指数型债券基金12只，短债4只。去年，兴业银行托管37只基金中，中长期纯债达到25只。从发行份额来看，兴业银行托管的规模前十大基金中，指数型债券基金达到6只，前两只发行份额超百亿。而在工行和招行托管的规模前十大基金中，基金类型分布较为平均，规模较大，比如工行托管的最大一只基金为前海开源优质成长，属于偏股混合型基金，发行份额65亿份，招商托管的最大一只基金为睿远成长价值A，同样偏股混合基金，发行份额49亿份。据了解，这两年兴业银行在公募基金托管市场上攻势较猛，Wind数据显示，截至2019年6月末，兴业银行托管公募基金253只，规模10468亿元。基金托管属于银行的中间业务收入，在财务报表上体现为“托管业务手续费收入”。除了基金托管外，银行托管业务还包括私募资产管理产品托管、信托资产管理产品保管、银行理财产品托管、保险资产管理产品托管等。而在非银金融机构托管人方面，今年以来，包括中泰证券、招商证券、华泰证券、国泰君安和广发证券合计托管了26只新发基金，合计份额108.90亿份。尽管在银行面前，非银金融机构的占比依旧较小，但相比去年，无论是从托管数量还是规模，都得到了极大提升。Wind数据显示，去年同期，银河证券、中国国际金融、招商证券和国泰君安仅托管了14只新发基金，发行份额仅41亿份。自2013年开放基金托管人身份以来，非银金融机构已托管了210只公募基金，规模1657.47亿元，这在全市场近6000只公募基金中，还是“沧海一粟”。本月初，证监会批复了申万宏源证券的证券投资基金托管资格，这也是今年以来获批的第一家基金托管人。截至到目前，国内基金托管人共46家，其中包括27家银行、17家券商、中国证券登记结算有限责任公司以及中证金融。
从行业老大变成小弟，千亿销售额烟消云散，创始人沦为..,http://baijiahao.baidu.com/s?id=1639925793727319118,投资家网,发布时间：07-24 15:58,"来源：投资家网作者：姗姗财富中文网近日发布《财富》中国500强排行榜单显示，有30家企业虽在排名内，却未能实现盈利，亏损总额达到惊人的1771亿元！投资家网根据榜单，推出策划，并梳理出了9家亏损最多的企业。接下来的时间里，我们将逐一奉上这9家企业相关的精彩内容。曾经辉煌一时的TA们，在商海迷途中，是如何一步一步走向巨亏，登上“2019年500强企业亏钱榜”的？TA们又留下哪些前车之鉴？在“2019年500强企业亏钱榜”中，有一家耳熟能详的企业，以48亿元的亏损额排名第五。它就是国美电器（下称国美）。国美不仅是曾经的家电零售巨头，拥有上千亿的销售额，它的创始人黄光裕还曾以104亿资产跻身胡润中国大陆富豪榜首富。家电零售巨头国美，是如何一步步跌下神坛？如今，艰难转型的国美还有翻盘的机会吗？一国美，是家老企业了。1987年，国美电器诞生。刚成立的国美还只是北京一家100平方米左右的小门店，在CEO黄光裕的带领下，国美一步一步成为了中国的家电零售巨头。可以说，国美的灵魂人物就是黄光裕。一开始，国美其实是家服装店。但是由于黄光裕并不擅长卖服装，因此服装店的生意算是暂时搁置。后来，黄光裕发现卖电器有利可图，比较畅销，只要解决进货的问题就可以了。于是，就这样，国美从卖服装的，变成了卖家电的。在当时，电器是不愁卖的。因此很多店家图利润，高价卖电器。而黄光裕觉得这一套走不通，与大多数人相反，他采取“坚持零售，薄利多销”的经营策略，用心经营国美。价廉物美，当然受消费者喜爱，就这样，国美赢得了一批回头客。此时，黄光裕又敏锐地发现了广告这个招揽顾客的利器。在《北京晚报》的中缝处，他买下《北京晚报》的中缝为国美打广告，打起""买电器，到国美""的标语，每周刊登电器的价格。就这么小小的一步，大大增加了国美的名气，让更多的人知道还有国美这家店，于是大量顾客涌进店内，店里的存货一下子就卖光了！就这样，黄光裕陆续开了多家国美电器，开始了连锁经营之路。1999年，国美从北京走向全国，在全国88个城市开了国美门店。2001年，国美总资产已经达5亿元，成为了当时业内的家电零售巨头。2004年，国美顺利在香港上市，35岁的黄光裕以104亿资产跻身胡润中国大陆富豪榜首富。此时的黄光裕，春风得意。2005年，黄光裕开始投资打造国美家电工业园，将触角伸向房地产领域。并且，黄光裕还收购了陕西蜂星电器全国网络，进一步巩固国美的通讯业务。但黄光裕野心太大，步子迈的太急，不知不觉竟酿下了大错。早年，因商业违规，黄光裕曾被相关部门调查，虽然调查不了了之，但祸根早已悄悄种下。2008年，黄光裕因涉嫌经济犯罪被拘，从此国美的发展开始由盛转衰。二2008年，国美CEO黄光裕因为非法经营罪、内幕交易罪和单位行贿罪被判处有期徒刑14年。作为国美的掌门人，黄光裕的入狱，对发展地如火如荼的国美来说不异于一场劫难。国美内部顿时陷入一片混乱。国美到底谁说了算？为了争夺控股权，黄光裕的妻子杜鹃和国美电器总裁陈晓展开了激烈的博弈。为了获得尽可能的支持，杜鹃开始积极任用贝恩资本的人员，摆平国美其它个股势力，争取舆论的同情和支持。花了两年的时间，杜鹃终于赢下这场硬仗，重掌国美的控制权。但时运不济，正当国美忙于内部控制权之争时，竞争对手们早已悄悄完成了市场份额的瓜分。阿里和京东悄悄崛起，老对手苏宁紧跟潮流，将曾经的家电零售巨头国美狠狠抛在身后。2008年时，阿里的销售额30亿，京东仅10亿，而国美有1200亿销售额业绩！被曾经的手下败将打败，这对于常胜将军的国美来说，很是难堪。黄光裕入狱后，杜鹃曾向黄光裕承诺：“等你出狱后，我一定给你一个更好的国美。”但命运给他们开了一个巨大的玩笑，谁也没想到互联网电商竟然有这么大的能量，悄然打破了国美多年的线下布局。2012年，国美巨额亏损了8亿。面对这惨淡的成绩，杜鹃毅然扛起了国美，提出“创造冬天里的春天”的口号，坚持“一切以消费者需求”为导向的经营模式，转型全渠道零售商，并大力进军电商领域，短短一年，国美就扭亏为盈。在她的手中，国美电器开始恢复元气，2016年，国美电器的利润超过10亿美元。三从2016年开始，国美开始了战略转型。但是对于缺了灵魂人物的国美来说，转型电商十分艰难，效果缓慢。面对互联网电商大战，在线下零售拥有丰富经验的国美显然有些措手不及。正当其他竞争对手不断烧钱，抢占线上市场份额时，国美显然有些保守。而国美的老对手苏宁在电商大战中砸下重金，实现了弯道超车。犹豫和保守，成了国美在激烈竞争中逐渐落后的主要原因，错失转型的最佳时机的国美，业绩开始下滑，盈利也开始减少。从国美财报上看，净利润方面，2016年国美盈利3.25亿元，同比下滑73%，到了2017年，国美的利润甚至仅为2016年利润的三分之一，2018年，国美甚至开始亏损。痛定思痛，2018年，国美零售开始从“电器零售”向“家・生活”战略转型，主动进行了业务结构的创新调整。2018年下半年，国美再次提出“新业务、新市场、新技术”的“三新”举措，希望用“数据中台”打通线上线下前端业务。虽然这在同行看来，步伐有些落后，但是对国美来说，还是十分关键的一步。另一方面，国美还大力布局三、四线城市，加速渠道下沉。截至2018年底，国美全国门店总数已达2122家。但国美的成绩与同行们相比，还是逊色不少。根据相关数据统计，2018年我国B2C网络零售市场天猫、京东、拼多多分别以55%、25.2%、5.7%的市场份额牢牢占据了市场前三名。苏宁也以4.5%的市场份额位居第四，而国美的市场占有率则下降到1.2%。面对直白的数据，难怪有业内人士曾说：“国美已经失去了在新零售时代崛起的最佳窗口期。想要东山再起，非常难。”四此时，国内零售电器市场的竞争格局早已改变，国美要面临的对手不仅是苏宁，还是阿里、京东、甚至是拼多多。错过电商机遇的国美，想要打赢翻身仗，更是艰难。在很多人看来，国美与其他电商巨头的差距正在越来越大。不过，国美越是一蹶不振，越是有更多的人期盼国美曾经的CEO黄光裕尽早出狱，重整旗鼓，带领国美恢复往日辉煌。在黄光裕入狱期间，常常有黄光裕快出狱的消息爆出。而每次黄光裕要出狱的假消息一出，都会引起国美零售等一众股票的迅速上涨。不管是国美电器，还是黄光裕的家人，还是正在观望的资本机构，都在等待黄光裕的归来。据国美公告，黄光裕的正常刑期到2021年2月16日。也就是说，19个月后，国美老大黄光裕将重新归来。国美从中国电器零售老大，到如今48亿的大幅亏损，不得不说造化弄人，让人惋惜。国美还能不能东山再起，一切还是个未知数！"
“壳王”3.4亿市值股权仅卖50万 年薪48万董事..,http://baijiahao.baidu.com/s?id=1639922007985421629,华夏时报,发布时间：07-24 14:25,见习记者 肖超 华夏时报（chinatimes.net.cn）记者陈锋 北京报道素有“妖股”、“壳王”之称的恒立实业（000622.SZ）又要更换实控人了。7月22日晚，A股上市公司恒立实业发布关于实际控制人变更的提示性公告，称公司接到股东的告知函，由于股东已签署协议转让全部股权，如协议最终实施，公司的实际控制人将发生变更。恒立实业的公告显示，如果股权协议生效，公司的实控人将由李日晶变为现任董事长马伟进。李日晶在2015年11月成为恒立实业的实控人，彼时他付出的交易对价包括股权转让款50万元及需要代为偿还的债务3.795亿元，共计3.8亿元。而在近4年后的交易中，马伟进可能只需付出股权转让款50万元，即可获得公司的控制权。公告称，“股权转让交割前公司的债权债务由各方另行协商承担”。值得注意的是，据恒立实业的年报显示，董事长马伟进2018年从公司获得的税前报酬总额为48.73万元，也就是说，马伟进用在公司一年的薪酬，即可买下恒立实业的控制权。针对两次作价产生重大差异的原因，及此次定价的依据与合理性，7月23日，深交所向恒立实业下发关注函。《华夏时报》记者就此事致电恒立实业董秘办，工作人员回应称，公司收到深交所关注函后，已按照要求发函给相关股东方，目前公司和股东方正在准备资料，会在深交所规定时间期限内予以回复，但详细内容还无法透露，以未来发布的公告为准。恒立实业7月22日晚的公告显示，公司被股东深圳市傲盛霞实业有限公司（下称“傲盛霞”）告知，傲盛霞的股东深圳前海新安江投资企业（有限合伙）（下称“新安江合伙”）、深圳新安江投资咨询有限公司（下称“新安江咨询”）于7月18日与深圳市艾达华商务有限公司（下称“深圳艾达华”）签订了关于转让傲盛霞100%股权的《股权转让协议》，股权转让价格为50万元。如协议执行完毕，马伟进通过深圳市艾达华、傲盛霞持有恒立实业16.54%的股权（即7035万股股份），同时，新安江合伙作为马伟进的一致行动人，享有恒立实业3.76%的股权的表决权，据此马伟进及其一致行动人合计控制恒立实业20.30%的股权，恒立实业的实控人拟变更为马伟进。而按照7月18日恒立实业的收盘价4.78元/股计算，这7035万股股权的市值为3.4亿元。此前2015年11月，恒立实业在发生实控人变更时，傲盛霞100%的股权以总对价3.8亿元的价格被转让给李日晶，而彼时恒立实业的股价为15.72元/股，这7035万股股权的市值为11.1亿元。官网显示，恒立实业于1996年11月于深交所上市，集团的业务涉及集汽车零部件、房地产经营、高新技术、投资管理、贸易等方面。恒立实业23年的上市之路走的并不顺畅，不仅因重组难产经历了长达7年的停牌，还经历了数次的卖壳和易主，被认为是A股有名的壳资源。马伟进在2016年4月进入恒立实业董事会，半年后又当选为公司董事长。公开资料显示，他在辞去公职前为军旅出身，曾为特务连战士，也当过派出所所长。2015年9月后，他开始担任傲盛霞法人，并持有新安江咨询20%的股份，与恒立实业的控股股东及李日晶存在关联关系。但截至2018年年底，马伟进未直接持有恒立实业股份。据年报数据显示，2004年至2018年间，恒立实业的扣非净利润一直为负，连续15年主营业务处于亏损状态。但在2018年10月底，因重组上市相关政策的修改，借壳间隔期从3年缩短至6个月后，恒立实业开始被游资爆炒。从2018年10月19日后至11月16日的17个股票交易日中，取得了14个涨停板，股价一路从2.58元/股飙升至10.48元/股，区间涨幅超过3倍。彼时深交所新闻发言人曾表示，恒立实业连续上涨期间交易以个人投资者为主，投机炒作特征明显。其中，个人投资者买入占比均超过97%，卖出占比也在90%以上。恒立实业的2018年年报显示，报告期内实现营收1.95亿元，同比增长232.70%；归属于上市公司股东的净利润315.26万元，同比增长111.51%。虽然净利润扭亏，但亏损628.98万元的扣非净利润，还是较上一年增加了78.23%。此外，恒立实业的2018年年报还因“工作人员疏忽”，未披露股东报告期内持有股份变动情况及“误填”了股东持股在报告期质押或冻结情况的数据，进行了两次更新。恒立实业日前发布的2019年上半年业绩预亏公告也显示，因公司传统主营产品销售情况暂未有明显改善，其上半年净亏损为600万元至800万元，而去年同期的净亏损为386万元。编辑：严晖   主编：陈锋
全球最大自贸区成立后，中日韩自贸区还要多久？商务部..,http://baijiahao.baidu.com/s?id=1639932804923418034,一牛财经,发布时间：07-24 17:49,中日韩自贸区建设达成共识【一牛财经】讯：众所周知，本月7日，非洲联盟非洲大陆自由贸易区(AfCFTA)特别峰会正式宣布了非洲大陆自贸区成立，而这也是世贸组织(WTO)成立以来，全球最大的自贸区。而当下，全球贸易保护主义、单 边主义势力抬头，经济全球化和自由贸易体制受到冲击，全球经济风险挑战加剧。因此，加快中日韩自贸区谈判的重要意义比以往更加凸显。作为邻邦，中日韩地缘相近，文化相通，经济互补性强。而三国分别是世界第二、第三、第十一大经济体。同时，三国的国内生产总值和对外贸易总额合计均占世界20%，已经超过欧盟，仅次于北美自贸区，但经济一体化建设却落后于欧盟和北美。分析认为，中日韩自贸区的建设反映了三国经贸合作的实际需求，不仅有助于加强三国经贸联系，对东亚地区经济一体化进程也将带来深远影响。本周一(22日)，中国商 务部部 长助理李成钢表示，目前加强东北亚区域合作条件更加有利，今后将积极推进中蒙俄经济走廊建设，推动中日、中韩第三方市场合作，加快中日韩自贸区谈判。2018年，中国与日、韩贸易额超3000亿美元！周一(22日)，中国商 务 部 部长助理李成钢在新闻发布会上称，中国与东北亚国家经贸合作富有成效。2018年，中国与东北亚地区五国贸易额合计约7585.7亿美元，占中国对外贸易总额的近四分之一。其中，中日和中韩贸易额均超过3000亿美元，中俄贸易额突破1000亿美元，中蒙贸易额接近80亿美元。除此之外，投资方面，截至2019年5月，日本累计在华直接投资实际使用额1137亿美元，韩国对华实际投资额801.8亿美元，分别是中国第一大和第四大外资来源国。商务部：将加快中日韩自贸区谈判！目前，中日韩对三国自贸区建设均高度重视，三国FTA自2013年进行正式谈判以来，至今已举行13轮磋商，展开各项议题磋商，并取得一定进展。此次，李成钢还表示，当前东北亚局势总体稳定向好，加强区域合作面临更加有利条件。今后，东北亚国家在“一带一路”框架下开展多领域合作前景广阔。他称，今后将聚焦重点、深耕细作，推动东北亚各国共建“一带一路”建设朝着高质量方向发展。中方将积极推进中蒙俄经济走廊建设，推动中日、中韩第三方市场合作，加快中日韩自贸区谈判、中韩自贸协定第二阶段谈判。(版权说明：本文为一牛财经原创编撰，转载前请获得我们的授权，同意转载后，请注明出处！)
上半年河北实际利用外资超额实现“双过半”,http://baijiahao.baidu.com/s?id=1639921025772070116,长城网,发布时间：07-24 14:42,廊坊“5・18”经洽会期间，巴西馆工作人员介绍本国特色食品。 记者 吴新光 摄长城网讯(记者吴新光)记者从河北省商务厅获悉，上半年，全省实际利用外资63.8亿美元，同比增长5.3%，完成全年目标任务(102.0亿美元)的62.5%。其中，外商直接投资61.8亿美元，同比增长6.8%。全省合同利用外资29.1亿美元，同比增长9.1%。上半年，全省实际利用外资分布在全省159个县(市、区)，其中，有18个县(市、区)超1亿美元，27个县(市、区)超3000万美元，40个县(市、区)超1000万美元，74个县(市、区)1000万美元以下。全省135个开发区有外资到位，其中，有14个开发区超1亿美元，27个开发区超3000万美元，29个开发区超1000万美元，65个开发区1000万美元以下。上半年，全省外资到位以大项目为主。到位外资3000万美元以上企业49家，合计到位外资42.3亿美元，占全省实际利用外资的68.4%，其中，有11家企业的到位外资超1亿美元。上半年，全省新设立合同外资1000万美元以上企业38家，增资超1000万美元的企业11家，累计合同外资额27.2亿美元，同比增长8.8%，占全省合同外资的93.6%。其中，新设立合同外资1亿美元以上大企业6家，增资1亿美元以上企业1家，合同外资累计18.3亿美元，占全省合同外资额的62.8%。河北省商务厅相关负责人表示，今后各地要深入推进精准招商，充分挖掘自身引资优势，结合本地经济发展特色，加强对重点国家和地区的招商。对照重点招商产业目录、目标企业目录，开展绿色招商和精准招商。
收评｜套牢多年的，要活了！,http://baijiahao.baidu.com/s?id=1639923676452086350,跑赢大盘的王者,发布时间：07-24 15:24,昨天股市成交量（剔除科创板）创了近期的新低，可以说是罕见的地量，王者在昨天的收评《没啥了，用手捞吧！》里重点说了出现地量的两种情况：一种是自然调整出现地量，一种资金无暇多顾出现的地量，今天来看最坏的情况没有出现，这是一件值得庆幸的好事，同时也验证了王者每次都可以在关键时刻提醒股民！所以那些还没有跟上节奏的股民要抓紧了！创业板和主板的情况又不太一样，15年以来创业板跌的太多了，很多股票都已经严重低估，这次借着科创板推出的东风，创业板里那些底部优质的小市值股也会上涨，也必须上涨，相比科创板，创业板里的股票可投资价值太高了！《中国第三阶段造富之路在这里！错过遗憾终身！》也重点强调未来中国第三阶段就在高新技术领域，而高新技术公司目前最多的就在创业板里！
浙江首个！新昌通过国家高端装备制造业标准化试点验收,http://baijiahao.baidu.com/s?id=1639920521630403564,浙江新闻,发布时间：07-24 14:34,7月24日，记者从浙江省标准化研究院获悉，日前，市场监管总局会同工信部组织专家对新昌县承担的全国首批、也是浙江省首个国家高端装备制造业标准化试点进行了验收评估。经书面审评和现场考核，以101分（满分105分）的高分通过验收。新昌县国家高端装备制造业标准化试点是国家标准委和工信部联合组织开展的项目，自2016年启动以来，新昌县委、县政府第一时间制定了实施方案并积极推进试点建设。目前，该项目在浙江省市场监管局指导、省标准化研究院及下属公司的技术支撑下，搭建了高端装备制造业标准信息公共服务平台，建立了以智能纺机、交通装备及关键零部件（轴承）为主体的高端装备制造业标准体系，圆满完成试点工作的各项目标任务，取得了良好的经济和社会效益。据浙江省标准化院下属公司负责人介绍，新昌高端装备制造业标准信息服务平台共有162万条综合标准题录，包含国内数据27万、国外135万，涵盖了270个国内外组织、97个行业，能为企业快速、准确、实时检索产业标准信息，查阅产业最新科研动态，开展专家技术咨询等提供便利；截至2019年6月底，已为企业提供标准阅览10324次。新昌高端装备制造业标准体系重点围绕新型纺织装备、先进交通装备及关健部件（轴承）两大核心产业，涵盖纺织机械、轴承、齿轮等6类主导产品，包含通用基础标准、设计标准、原辅料及零部件标准、工艺标准等9项子体系；体系包括国际标准313项，国外先进标准682项在内的2801项标准，为产业研发、生产、检验等生产全过程提供技术指导，为企业建立各自标准体系提供了简明易用的技术标准模板。目前，试点共参与制定了国际标准、国家标准、行业标准和“品字标浙江制造”标准28项。据悉，新昌县通过试点建设，高端装备制造业规上企业已增加了5家；装备制造业产值306.82亿元，较试点前增加32.35亿元，销售额较试点前增加34.55亿元；通过相关标准的制定和实施，助推技术改造和技术进步，新增省内首台套产品13项，省级新产品140只，有效推动产业转型升级；试点带动创建新昌智能装备小镇，入驻小镇企业达49家，实现规上工业主营业务收入达100.86亿元，连续两年在省级考核中被评为优秀特色小镇，切实提高了产业聚集度。
一针见血！袁隆平谈担忧：大量粮食靠进口，农村土地却..,http://baijiahao.baidu.com/s?id=1639930178920074707,九个头条,发布时间：07-24 17:08,作为农业大国，中国在农业发展上硕果累累。不过近几年，工业、新兴产业的进程加快，农业发展陷入了困境。在农村，很多人都是靠着种植农作物换取微薄收入的。但是近几年，物价的疯狂上涨却没有给农民带来一丝额外的利益。面对收入低、物价高的窘境，大量年轻人开始走向城市，愿意留在农村干活的人已经越来越少了。作为水稻养殖专家的袁隆平也表示担忧：即使拥有全球最丰富的土地资源，但没有人耕作，土地没有被更好利用，有也等于没有。目前我国仍需要靠进口大米来解决粮食问题，假如哪天外国停止对我们的粮食供应，那全国十几亿口人口不是得饿死。面对如此现状，袁隆平给出三点建议。一、实行土地统一规划分配，农民多劳多得。过去的情况是家家户户都有自己的土地，自己耕作自己卖，土地分配不合理、不均衡。实行土地统一规划，由村集体分配土地，同时按土地种植来给农民安排工作，最后按照粮食多少分发工资。除此之外，每年年底，农民还可以享受利润分红。解决土地分配问题是农业发展的基础，打好根基，农业发展才能取得成效。二、国家提高粮食收购价，增加农民收入。农业主要问题是农民收入过低，付出和收入不成正比。只有把粮食价格提上去，由国家来进行高价收购，在以平价出售。这样不仅能让农产品得到一个大力推广，同时农民也赚到了钱。这个方式比直接实行农产品补贴更好，可以说是一举两得。三、鼓励高科技产业和农业结合，支持青年回乡创业。将科学技术运用到农业发展中，不仅能提高农民工作效率，同时能鼓励很多年轻人回乡创业。例如无人播种机技术和机器收割技术，可以减少农民的劳动量，缩短农民的劳动时间，让农业发展取得质的飞跃。有了技术和政策的支持，相信年轻人也更愿意回乡发展。
跨省就医等于“自由行”？需要注意这些问题,http://baijiahao.baidu.com/s?id=1639919176366163504,北晚新视觉网,发布时间：07-24 14:20,跨省异地就医住院费用直接结算是近两年医保事业的一件大事，这一服务让流动人员的就医报销有了充分的保障。截至今年5月底，跨省异地就医定点医疗机构数量为18082家，二级及以下定点医疗机构15430家，国家平台备案人数达418万人。当月跨省异地就医直接结算22.1万人次，医疗费用53.5亿元。由于知道有了跨省异地就医直接结算的政策，于是很多跨省务工、出游、探亲或养老的人便“放心大胆”地出门了。其实，跨省异地就医不是说事先不做任何准备，随便到了哪里看病都能直接结算的，有几个注意事项需要提前做足功课，否则就会遇到各种障碍。跨省就医前必须先到参保地备案参保人员需要注意，跨省异地就医住院费用直接结算必须先到参保地的经办机构进行备案。很多人会疑惑：为什么非要先去做备案呢？直接结算不就行了吗，何必多此一举？记者了解到，之所以把备案作为跨省异地就医直接结算的前置条件，主要是为了提高患者跨省就医的可靠性和成功率。据介绍，患者到省外医院就医，涉及联网结算的主要有两个时间点：一是办理入院登记时，此时患者的信息需要通过国家结算系统传回参保地进行确认，参保地确认以后再传回医院，医院得到参保地确认的信息以后，完成直接结算病人的入院登记。二是办理出院结算时，患者的信息和相关费用信息需要传回参保地来计算待遇，再传回医院，医院完成与病人直接结算。而建立事先的备案制度，可以精准锁定跨省异地就医人员，极大提升系统响应速度。同时，备案还可以将参保人员身份认定、待遇类型确认等提前完成，将基金支付历史记录、个人账户金额，以及最新联系方式等相关信息事先采集起来，将影响直接结算的隐患尽量消除在备案的过程中，从而可以更好地保证持卡入院登记和出院结算一次成功，有利于老人安心在外居住、患者放心就医。国家医保局的官网上有异地就医专栏，参保人员可以通过网站查询异地定点医疗机构、登记备案情况、异地就医经办机构、跨省异地就医费用、社会保障卡服务渠道、统筹区开通信息等。鼓励各地提供网络、APP等备案渠道尽管跨省异地就医已经实现了住院费用的直接结算，但有些医院还没有开通直接结算服务，而且办理备案手续有些繁琐。国家医保局、财政部近日发布了《关于切实做好2019年跨省异地就医住院费用直接结算工作的通知》。《通知》要求，2019年底前，力争将全国85%以上三级定点医院、50%以上二级定点医院、10%以上其他定点医院接入国家异地就医结算系统，基本满足跨省异地就医住院参保人员直接结算需求。随着统一的国家医疗保障信息平台建设，2020年底前，基本实现符合条件的跨省异地就医患者在所有定点医院住院能直接结算。同时，鼓励省级医保部门探索建立统一的省级备案渠道，提高备案工作效率。鼓励各统筹地区学习推广部分地区备案工作“零跑腿”“不见面”做法经验，为本地参保人员提供至少一种有效、便捷的备案渠道，如电话、网络、APP等。直接结算执行就医地药品目录另外，还有一个重要的事情需要注意――跨省异地就医住院费用直接结算和手工报销时，基本医疗保险结算基金起付标准、支付比例和最高支付限额均执行参保地政策。但是，直接结算执行就医地基本医疗保险药品目录、诊疗项目和医疗服务设施标准，手工报销仍执行参保地目录范围及有关规定。也就是说，如果参保人员的参保地是北京，但在上海居住期间产生了医疗费用，虽然支付比例是按北京的标准执行，但哪些药品、诊疗项目可以报销，哪些不可以报销，就不是按北京的标准了，而是执行上海的规定。这里列出几个人员流动相对频繁的几个大城市的医保特殊规定，参保人员如果要到这几个地方去，需要先做好功课，了解当地的政策。广州市医保参保人员进行白内障手术发生的人工晶体材料费用，按不高于1800元/个的标准纳入统筹基金支付范围;参保人员住院治疗发生的符合规定的人工耳蜗费用，按不高于76000元/个的标准纳入统筹基金支付范围。此外，广州市暂未对其他高值耗材制定相关的限价政策或支付标准。对于人工晶体、心脏瓣膜、冠状动脉疾病诊断与介入治疗使用的导管和腔内支架、外周血管和神经血管疾病介入治疗材料、胰岛素注射笔用针头，使用国产或合资所发生的材料费，先由参保人员按20%比例现金自付；使用进口所发生的材料费，先由参保人员按30%比例现金自付；其余费用再按基本医疗保险的规定支付。对于心脏起搏器、人工关节、骨内固定材料、先天性心脏病介入治疗材料、门诊用造口袋、脑起搏器，采取最高支付限额纳入报销范围的办法。江苏省基本医疗保险医疗服务项目目录，实行统一编码、分类管理，将医疗服务项目分为甲、乙、丙三类，即参保人员不需先行自付，发生的医疗费用全部纳入报销范围按规定比例报销的为甲类；参保人员对发生的医疗费用需要先行自付一定比例，剩下再纳入报销范围按规定比例报销的为乙类；基本医保基金不予支付的为丙类。对纳入医保支付范围的医疗服务项目除外内容（允许单独收费的特殊医用材料或高值耗材）医保支付等级、比例与该医疗服务项目一致，具体的支付标准由各地确定。外省人员在江苏省就医发生的乙类部分特殊医用耗材的个人自付比例和支付限额，即费用在5万元以下（含5万元）的特殊医用材料个人自付比例统一为10%；单个（组）材料费在5万元以上（不含5万元）的部分为自费，个人全额自付。支付限额以内的个人自付后的剩余费用由各地按医保规定予以支付。参保人员发生的符合基本医疗保险医疗服务目录范围的特殊医用材料费用，凡有费用支付上限规定的，限额以上部分由参保人员自付；限额内的费用，先由参保人员按一定比例自付，剩余部分再按基本医疗保险规定支付；上述范围外的其他特殊医用材料，基本医疗保险统筹基金和大病救助基金不予支付。■《苏州市基本医疗保险诊疗服务项目管理办法》明确对纳入医保支付范围的特殊医用材料的支付标准，参保人员在定点医疗机构检查治疗时，先由个人自付一定比例，剩下的费用按医疗保险规定结付。《浙江省基本医疗保险医疗服务项目目录》规定，“医用材料”和“医疗服务项目”的支付相对应。属于《省医疗服务目录》内的项目需使用的医用材料，且符合“适用项目”规定的，纳入医保支付范围。医疗服务项目不属于《省医疗服务目录》内项目范围的，该项目使用的医用材料不纳入医保支付范围。在一个治疗过程中，使用某个或某类医用材料，实行最高限额支付，超过最高限额部分的费用医保不予支付。参保人员使用医用材料，先由个人自理一定比例后，再按医保规定支付。全省平均自理比例在5%-20%。（一）心脏起搏器、除颤器。最高限额为3万元。（二）人工血管、血管支架：最高限额为3万元。（三）人工晶体：最高限额为3万元。（四）人工股骨头、人工膝关节等：最高限额为3万元。（五）骨科脊柱内固定材料：最高限额为2万元。（六）其他材料：单价200元以上的，累计到4万元。参保人员使用符合《合肥市城镇职工基本医疗保险诊疗项目、医疗服务设施范围和支付标准以及用药范围管理暂行办法》范围内的，并经物价部门批准的可单独收费的医用材料按照乙类项目结算，其个人先付比例按材料产地分别规定，其中：国产的个人自付比例20%，进口个人自付比例50%。参保人员使用上述材料所发生的费用，在定点医疗机构直接结算。基本医疗保险支付部分费用的诊疗项目范围包括心脏起搏器、人工关节、人工晶体、血管支架等体内置换的人工器官、体内置放材料。来源：北京晚报  记者代丽丽 新华社供图流程编辑：tf10
4年前，科学家释放了一批“蚊子”，现在让人吃惊的事..,http://baijiahao.baidu.com/s?id=1639923207235581593,半岛晨报,发布时间：07-24 15:17,厉害了！《自然》发表南沙“治蚊”经验：蚊子叮咬率下降96.6%！英国当地时间7月18日，顶尖学术期刊《自然》上线一篇论文，报告了一项备受全世界关注的中山大学“以蚊治蚊”田间试验结果。文章摘要指出，结合两种改造蚊子的技术，在中国广州南沙沙仔岛试验现场，他们将世界上最具侵略性的一种蚊子的种群“几乎完全消灭”。记者从公布的实验数据获悉，2015年到2017年，在释放蚊子的沙仔岛，相比对照地点，野生蚊子数量锐减90%左右。沙仔岛是全球首个试验场记者了解到， 经过实验室内的小规模成功，以及对种群数量变化的理论推演后，研究团队经农业部批准，展开了“以蚊治蚊”的开放式田间试验。探秘广州蚊子工厂（资料图） 广州日报全媒体图片记者 王维宣 摄研究团队与广东省和广州市的疾控中心合作，选择了两个相对隔离的小岛，从2015年开始投放大规模培育的“绝育”蚊子。2015年，首批“以蚊治蚊”的沃尔巴克氏体蚊子在沙仔岛上释放，广州日报记者曾跟随释放蚊子的科学家团队记录了这个过程。（资料图）“以蚊治蚊”的原理在于通过释放携带沃尔巴克氏体的雄蚊与没有携带沃尔巴克氏体的雌蚊交配后，所产的卵不能发育。在2016年和2017年，蚊子的繁育季节，每周、每公顷有16万只既受过三重细菌感染又受过辐射的白纹伊蚊登场。在随后的时间里，科学家们每周监测蚊子卵的数量和成体雌蚊子的数量变化。根据《自然》发表的相关文章，控制效果十分喜人！持续两年，在释放蚊子的试验点，相比对照地点，野生蚊子数量锐减90%左右！根据实验室提供的数据显示，两个试验点野生型成年雌蚊的平均数量减少83%~94%，长达6周内都侦测不到任何蚊子。种群遗传学分析显示，其他的蚊子可能是从研究地区之外的地方随着人类活动迁移进来的。值得一提的是，蚊子数量的大幅减少也从岛上居民的直观感受中反映出来。文章指出，沙仔岛上蚊子的叮咬率下降了96.6%！蚊子的叮咬率大幅下降后，岛民们对投放蚊子的支持率从试验前的13%提高到试验后的54%。“以蚊治蚊”将走至市区奚志勇 广州日报全媒体记者高鹤涛 摄近日，论文作者、中山大学-密歇根州立大学热带病虫媒控制联合研究中心主任奚志勇表示，目前团队已与广州市疾病预防控制中心开始合作，把这项技术推广到城市内的城中村和高楼区域。为了应对城中村的复杂环境，团队使用无人机作为释放工具。他们发现，使用无人机释放可以快速且有效地达到对白纹伊蚊的压制效果。当前，奚志勇团队正在研究如何使释放的白纹伊蚊能够在垂直空间内产生良好的压制作用。使用这个方法消灭蚊子是否会对生态环境产生不良影响？奚志勇表示，他们的方法仅针对白纹伊蚊，对其他绝大多数的蚊种没有影响。另外，研究提到的“清除”，是指在人类居住的这个地方，把正在传病的蚊子清除，并不会控制野生环境中的白纹伊蚊。广州市疾病预防控制中心副主任林立丰介绍，清除蚊虫滋生地、使用杀虫剂以及采取环保有效的新技术手段都是应对白纹伊蚊的策略。其中，通过释放感染新型共生菌的白纹伊蚊来压制自然界蚊虫密度的方法已在实验室和现场试验中证明有效，对整个防控工作有积极意义。目前，研究团队希望运用这项技术制成微生物杀虫剂，奚志勇表示，这项技术正在寻求农业部门的批准。简直太厉害了！以后“驱蚊豪华大礼包”再也用不上了！（蚊香+驱蚊液+电蚊拍+花露水）来源：广州日报
「逐影寻声70画」绘就壮美北疆画卷,http://baijiahao.baidu.com/s?id=1639919248981486283,新华社新媒体,发布时间：07-24 14:12,“逐影寻声70画”系列网评之二十一：辽阔草原，骏马驰骋彩云飘；亮丽北疆，和泰吉祥谱新篇。从“靠天养畜，逐水草而居”到成为我国重要绿色农畜产品生产加工输出基地；从“轻工业皮毛匠，重工业挂马掌”到建立现代工业体系；从全区80%以上人口是文盲、没有1所大学，到基本消除文盲、建立53所高校……内蒙古自治区成立以来，民族区域自治制度在草原落地生根，结出丰硕果实，全区各族人民携手前行，共同谱写了团结奋进、发展繁荣的壮丽诗篇。这巨大成就，离不开党和国家的坚强领导和大力支持，凝结着各族人民的艰苦奋斗，生动体现了我国民族区域自治制度的巨大优越性。作为民族区域自治制度最早的实践者，内蒙古自治区全面贯彻执行民族区域自治法，用足、用活、用好国家赋予民族地区的自主权和各项优惠政策，实现了经济发展、文化繁荣、边疆安宁、生态文明等各项事业的巨大跨越。骏马奔驰勇当先，不待扬鞭自奋蹄。展望未来，以新发展理念为指引，践行以人民为中心的发展思想，在转变经济发展方式、抓好农牧业和牧区工作、保障和改善民生等方面下功夫，促进转方式同调整产业结构、创新驱动发展、全面深化改革开放等相结合，我们必将绘就更加壮美的北疆画卷。出品人：田舒斌总策划：郭奔胜　周红军总监制：肖阳　王江策　划：安传香　李洁琼监　制：李霞　刘馨蔚文　案：徐　可制　作：游娟　杨璇　宋鸿飞新华网评论室　云南频道　联合出品
她在中国每年获利16亿，却突然入籍美国，甚至向其教..,http://baijiahao.baidu.com/s?id=1639935840543393232,环球新军事,发布时间：07-24 18:38,说起SOHO中国，大部分人都或多或少知道一些，在北上广的朋友可能更加熟悉。据资料显示，这个企业在1995年由如今的SOHO中国董事长潘石屹及其妻子张欣共同创立，主要业务是在中国的一线城市和部分二线城市开发高端的商业地产，经过多年的发展，这家企业目前在中国已然成为了一个“庞然大物”，每年的盈利高达16亿人民币。按理说，中国能有这么一家企业，国人应该感到自豪，但是前段时间发生的一件事却让人十分心寒和愤怒。在过去，潘石屹和张欣在国内的名气并不大，一次偶然的机会，两人因工作业务而相遇，认识短短4天便领了结婚证，随后两人一起创立了SOHO中国，十几年的时间，SOHO中国能达到如今的地位，确实令人感到不可思议，就在大家羡慕和赞美这对夫妇的时候，SOHO中国董事之一的张欣却忽然加入美国国籍，并且为为美国的教育事业捐了6个亿的巨款，这个举动瞬间点燃了国人内心的怒火。据了解，此前张欣在美国投资的钱已经达到了上百亿，还在美国花费一个多亿买了一套豪宅，理论上，作为一个商人，出国投资赚钱无可厚非，有钱了去享受是人家的权利，我们不该指责，但是，拿着从中国赚的钱去捐助美国的教育事业，就实在有些说不过去了。要知道，现如今，国内有很多的地区的孩子都上不了学，教育事业用钱的地方极多，不管是中国的富豪还是普通百姓，都在想方设法为中国教育出力，捐款捐物。相比于中国，美国的教育可以说是非常的“高大上”了，毕竟美国人口少，且国家经济高度发达，无论是哪个方面都要比中国高出好几个档次。作为一个中国人，加入美国国籍也就算了，还拿着从中国赚的钱资助美国，这种行为只在有些令人感到不齿。虽然财产是属于张欣和他丈夫的，怎么处置是人家自己的事，国人的指责确实有些道德绑架。但是作为一个中国人，生在中国，长在中国，赚着中国人的钱，在“功成名就”之后却去支持别国，从来没有考虑过回报自己的祖国，完完全全将作为一个中国人应有的气节丢的干干净净，这就不得不令人感到寒心和愤怒。不过有些网友却称，这是张欣采用的一种商业手段，主要为了能够在美国更好的拓展业务，对此，你们怎么看？
中、美面对面谈判在即！美股随之收涨，会面细节也浮出..,http://baijiahao.baidu.com/s?id=1639920820284987618,一牛财经,发布时间：07-24 14:39,摘要：中美面对面谈判在即！最快或下周一？会面地点不在北京？而是……面对面谈判在即！美股随之收涨【一牛财经】讯：继上周四（18日）中、美贸易牵头人再次通话后，近来两国均在为面对面谈判“铺路”。据路透周二（23日）报道，白宫国家经济委员会主任库德洛表示，美国高层官员将前往中国，就重启陷入僵局的贸易谈判进行面对面会谈，这是一个好迹象。随著美、中新一轮面对面谈判的消息更加明确，受此消息激励，周二盘中美股应声大涨至单日高点，标普500指数收涨0.67%，至3005.10。谈判什么时候？又在哪？美媒……事实上，据此前一牛财经引援《南华早报》本周一的消息称，美方代表最快于下周来北京进行谈判。此后一日，即当地时间周二（23日）彭博社报导，，而非先前传出的北京。文章导引述消息人士表示，美国贸易代表莱特希泽(Robert Lighthizer) 率领的贸易代表将于下周一 (29日) 动身前往中国上海，与中国贸易代表团相会，重启新一轮面对面谈判，并持续至下周三 (31日) 。这篇独家报导称，在上海举行会议将涉及对问题的广泛讨论，但预计不会有重大贸易突破。为“谈判”铺路，双方互递“橄榄枝”事实上，为了这次面对面会谈，有分析人士表示中美双方互递“橄榄枝”。当地时间周一（22日）特朗普与7家科技巨头 CEO 会面，并同意他们的要求，即商 务 部对华为“及时”作出许可证授权决定。但美国商 务 部长罗斯 (Wilbur Ross) 周二表示，美国需数周的时间，才能对华为供货禁 令豁免作出最终裁 决。据新 华 社报导，中国企业根据已向美方进行采购农产品询价，并根据规定，申请排除对有意采购农产品的关 税。（版权说明：本文为一牛财经原创编撰，转载前请获得我们的授权，同意转载后，请注明出处！）【相关阅读（点击即可查看↓↓↓）】
沃尔德科创板首发，电广传媒达晨系投资的企业还有9家..,http://baijiahao.baidu.com/s?id=1639922722368047470,华声在线,发布时间：07-24 15:09,新湖南客户端7月24日讯(记者 唐志勇)7月22日，万众瞩目的科创板正式开板。虽然首批上市的25家科创板公司中并没有湘企，但其中亦有“湖南元素”――首发成员中的沃尔德，就是湘股电广传媒旗下达晨系投资的企业! 据记者了解，截至目前，除了沃尔德，达晨系投资的科创板排队企业还有9家。值得一提的是，沃尔德科创板首发后，达晨系投资的企业中已有80家顺利上市。 早在2000年，也就是上市第二年，电广传媒就涉足创投领域。当年4月，电广传媒在深圳设立达晨创投，这是我国第一批按市场化运作设立的本土创投机构之一。 十多年来，伴随着中国经济的快速增长和多层次资本市场的不断完善，达晨创投已经发展成为目前国内规模最大、投资能力最强、最具影响力的创投机构之一，创投业务也成为如今电广传媒的四大业务板块之一。 据了解，电广传媒的创投板块主要包括两大业务主体：达晨创投、达晨财智。其中，达晨创投是电广传媒的全资子公司;达晨财智是达晨创投的控股子公司，电广传媒直接持有以及通过达晨创投合计持有达晨财智55%股权。 由达晨创投、达晨财智这两家公司，又分别衍生出一系列冠以“达晨”头衔的投资公司或者基金，由此构成了成员众多的达晨系。例如，投资沃尔德的达晨银雷。 沃尔德(证券代码688028)，全称“北京沃尔德金刚石工具股份有限公司”，成立于2006年，是国内领先的超硬刀具制造商，主要产品及服务定位于全球高端超硬刀具市场，广泛应用于触摸屏、液晶面板等消费电子玻璃的超高精密切割，汽车发动机、变速箱等核心部件的高精密切削等先进制造领域。 2011年，达晨创投通过达晨银雷投资了沃尔德，目前是沃尔德的第二大股东，持股比例为4.70%，共持有376.27万股。按沃尔德24日午间收盘价(61.90元/股)计算，达晨银雷这部分持股市值高达2.33亿元。 截至目前，上海证券交易所共受理科创板申报企业149家，其中达晨系投资了10家、占比6.71%，排名创投行业第二位。 这10家公司分别是：沃尔德(达晨银雷持股4.70%)、热景生物(达晨创泰5.92%、达晨创恒5.81%、达晨创瑞4.74%)、安博通(达晨鲲鹏4.69%、达晨创通1.30%)、紫晶存储(达晨创联7.39%、达晨创通3.62%)、龙软科技(达晨银雷3.09%)、国科环宇(达晨创坤4.49%)、万德斯(达晨创联5.08%)、道通科技(达晨创丰、达晨创泰、达晨创恒、达晨创瑞、达晨财信合计持股8.29%)、佛朗斯(达晨创联、达晨创通合计持股12.7%)、慧辰资道(达晨创投管理的湖南文旅基金持股6.94%)。 其中，沃尔德已经于7月22日上市，安博通已经过会。 此外，热景生物也将于下周二上会。上交所官网消息，科创板股票上市委员会定于7月30日下午，审议山石网科通信技术股份有限公司，青岛海尔生物医疗股份有限公司，北京热景生物技术股份有限公司3家首发事宜。 据了解，达晨系符合科创板标准的项目储备丰富，10余家企业正在紧锣密鼓申报过程中，全年科创板申报企业预计将超过20家。 达晨财智总裁肖冰表示，达晨长期专注“硬科技”投资，在高端装备制造、芯片与半导体、人工智能、信息安全、环保新材料、医疗健康、军工等国家重点扶持的战略新兴领域布局了一大批优秀企业。达晨在科创板申报挂牌上的突出表现，既是公司长期深耕自主科技创新、积极布局硬科技的必然结果，也是公司坚持长线专业价值投资的有力印证。 版权作品，未经授权严禁转载。湖湘情怀，党媒立场，登录华声在线官网www.voc.com.cn或“新湖南”客户端，领先一步获取权威资讯。转载授权：0731－84326133苏女士。转载须注明来源、原标题、著作者名，不得变更核心内容。[责编:曾璇]
被思聪喷成傻X的孙宇晨凉了？涉嫌“黄赌毒”，或被限..,http://baijiahao.baidu.com/s?id=1639918887967725891,躺倒鸭,发布时间：07-24 15:27,大家还记得那个斥巨资3142万元拍下与股神巴菲特天价午餐、和思聪互怼被怒喷为“傻X”、网友送外号“币圈贾跃亭”的孙宇晨吗？前不久我才写了一篇关于他的稿子（没来得及看的戳这里鸭）没想到，这两天他又上头条了……（图片来源：百度百科）昨天一大早，孙宇晨突然发微博公开宣布：自己由于“突发肾结石”，因此取消与巴菲特先生的午餐会面。但是此前答应的捐款依旧有效。按照此前的安排，孙宇晨和他邀请的7位“区块链代表人物”7月25日就将与巴菲特在美国旧金山会面。这怎么早不肾结石，晚不肾结石，偏偏在要跟巴菲特见面前肾结石？？？三千多万这不都浪费了么？真就这么不在乎钱？对孙宇晨这波操作大为不解的我，随后又去网上搜了一圈有关他最近的消息。额，我好像是大概明白了，孙宇晨好像不是不心疼钱，而是自己真的摊上事儿了……据财新网的报道，目前国家正在对各种互联网金融乱象做重点整治，近来疯狂炒作、且创业历程极具争议的孙宇晨已经引起了有关部门的强烈关注。据了解，孙宇晨当前在国内的主营业务有两项：陪我App和波场项目。其中在波场公链项目中，排名靠前的项目“抽奖”类占据了绝大多数。而这所谓“抽奖”实际是赌博类游戏，且国内都可以直接访问。陪我APP更是已经成了藏污纳垢之所。此前，新华社调查直播平台涉黄向音频直播平台蔓延时就已经点名“陪我”APP――主播怂恿听众打赏刷礼物收听挑逗性内容。目前，陪我App已经从各大应用商店下架。综合以上情况，国家互联网金融风险专项整治小组办公室已就孙宇晨涉嫌非法集资、洗钱、涉黄、涉毒等问题，建议公安机关对其立案调查。值得一提的是还有消息称：孙宇晨目前已经被边控。边控：即边境控制，它是为防止涉案的外国人或者中国公民因其借出境之机逃避司法机关追究法律责任，给境内的国家、集体或个人财产等带来重大损失，而通过法定程序在国边境口岸对之采取限制出境的一种保全措施。针对外界的报道和传闻，孙宇晨昨天先是在微博上发布长文回应，否认了对他洗钱、非法集资、App涉黄的指控……在今天早上，孙宇晨再次通过微博声明财新网的报道“完全不实”，等自己病情好转时就会跟外界见面。额，回应了一大堆，孙宇晨还是没对自己被“边控”的传闻做出任何解释。我在此不负责任的猜测一下：孙宇晨之所以突然取消与巴菲特的午餐会面，怕不是因为肾结石，而是由于自己已经被限制出境了……当然啦，目前国家有关部门对孙宇晨的调查结果尚未出炉，有关他的很多消息都是咱们的推测。不过还是得劝大家一句，在很多事情尚未清晰之前，最好不要去掺和孙宇晨经营的XX币、XX波场，如果哪天被忽悠了可别怪我没提醒过你鸭……
投资者小心！欧银明日恐意外降息 欧元、英镑、澳元、..,http://baijiahao.baidu.com/s?id=1639922604212442012,FX168财经网,发布时间：07-24 15:07,FX168财经报社(香港) 周三(7月24日)亚市尾盘，美元指数基本持稳，最新报97.70附近水平，欧元/美元也自时段低点回升，日内基本持平。目前投资者将焦点逐步转向周四的欧洲央行决议，投资者需要谨慎这一重大事件出现意外情况。知名外汇资讯网站ForexCycle周三最新撰文，对欧元/美元、英镑/美元、澳元/美元、美元/日元和美元/加元的技术走势进行分析。欧洲央行将于周四召开货币政策会议，届时将公布利率决议，且随后行长德拉基将召开新闻发布会。关于欧洲央行是否需要放松政策的辩论已经设定：欧洲央行将宽松，而主要问题在于何时宽松。一些经济学家表示，欧洲央行可能会发出信号，表明它正在考虑在不久的将来降低利率。不过一些外汇交易员担心，欧洲央行可能会在本周会议上有意外行动。据媒体报道，近期一名消息人士透露，欧洲央行降息的主要原因会是阻止欧元升势，而不是调降已经处于谷底的借贷成本。一些分析人士表示，近期欧洲央行鹰派人物偏鸽派的言论，暗示该央行可能在7月采取行动。欧元/美元跌破1.1193支撑位，表明该汇价已经恢复自1.1412以来的下行走势。欧元/美元在小幅盘整后可能会进一步下跌，下一目标将是1.1100区域。欧元/美元近期阻力位在1.1170，假如突破该水平，可能推动该汇价重新回到1.1200区域。(欧元/美元4小时图 来源：ForexCycle)英镑/美元继续在1.2381-1.2578交易区间横盘整理。预计英镑/美元将再次下跌并测试1.2380支撑位，倘若跌破该水平，这可能推动该汇价跌至1.2300区域。英镑/美元近期阻力位在1.2480，假如突破该水平，这可能引发该汇价再度涨向1.2578。(英镑/美元4小时图 来源：ForexCycle)澳元/美元延续自0.7081以来的下行走势，一度触及0.6985低位。澳元/美元在小幅盘整后料进一步下跌，下一目标将在0.6950区域。澳元/美元阻力位在0.7020，只有突破这一水平，才能标志着下行趋势的完结。(澳元/美元4小时图 来源：ForexCycle)从4小时图来看，美元/日元突破了下降通道，表明该汇价自108.99以来的下行走势已经在107.20结束。预计未来几个交易日美元/日元将进一步上涨，下一目标将在108.80区域。美元/日元近期支撑位在108.00，一旦跌破这一水平，这可能推动该汇价回到107.70区域。(美元/日元4小时图 来源：ForexCycle)美元/加元突破1.3144阻力位，表明该汇价自1.3432以来的下行趋势已经在1.3015完成。未来几个交易日美元/加元有望进一步上涨，下一目标将在1.3200区域。美元/加元近期支撑位在1.3120，假如跌破该水平，这可能令该汇价回到1.3080区域。(美元/加元4小时图 来源：ForexCycle)校对：Sarah
最高狂飚57%！科创板重回5000亿，更有这类“T..,http://baijiahao.baidu.com/s?id=1639928295681716916,P2P观察,发布时间：07-24 16:38,中国基金报 江右科创板全线飘扬，创业板跟随大涨。科创板第三天，再度雄起。在第一天激情消退过后，第二天有所回落，今天全线上扬，25只个股全是红盘，平均涨11.39%，涨幅最大的福光股份大涨49.36%，盘中一度涨57%股价创新高。科创板的涨势如虹，A股三大股指也不甘落后，创业板指涨势不凡。创业板指数盘中最高涨近2%，今天两市44只非ST的涨停股中，创业板个股就占到20个，创业板权重股蓝思科技更是涨停。25只科创板大涨11%：最高涨49%今日开盘后，科创板股票一路走高，成为引领A股走势的重要力量。截至收盘，25只科创板个股平均大涨11.39%，成交额228亿元、平均换手率38.3%，成交额与昨日相当。具体来看，福光股份大涨49.36%，涨幅居首；沃尔德涨34.76%，交控科技涨26.32%，铂力特、光峰科技、瀚川智能、天宜上佳、航天宏图涨幅也超10%，涨幅最低的中国通号也上涨1.9%。从上涨个股市值特征来看，涨幅靠前的个股，流通市值整体偏小。在昨日只有1只个股临停后，今日有2只个股临停，福光股份、沃尔德盘中触发较开盘价涨30%的临时停牌。截至今日收盘，25只科创板总市值为5136亿元，流通市值为671亿元；平均市盈率达143倍，最高的中微公司市盈率821倍。科创板首日，总市值高达约5293亿元，而后第二天跌至4822亿元，今日又重返5000亿元。创业板盘中最高涨近2%：小米华为苹果概念发力科创板红旗飘飘，A股大势也不差，尤其创业板走势更强。今日A股三大股指全线上涨，上证指数涨0.8%，深证成指涨0.99%，创业板指大涨1.22%，创业板指数盘中一度涨1.77%，近2%。两市成交额也明显放大，从昨日的3200多亿元增至今日的4000亿元，增长20%多。创业指数今日之所以涨势汹涌，主要得益于电子通信板块的良好表现。蓝思科技涨停，信维通信大涨8.69%，欣旺达大涨6.96%。科创板还可变相“T+0”操作上市后前5个交易日不设涨跌幅限制，科创板上市初期就通过充分博弈达到均衡，同时波动也较A股主板有所增大。科创板同样是T+1的交易机制，不过由于上市首日就可以融资融券，投资者通过通过融资融券操作，投资者可以变相实现日内“T+0”的回转交易。有私募人士表示，可以先当日买入科创板股票，而后融券卖出，也可以当日先融券卖出，然后再买入，这都能实现当日T+0的效果。不过，科创板融券没有放开T+0，投资者融券卖出后，要第二个交易日起，才能偿还该笔融券，对于长期做日内回转T+0而言，这也需要考虑融资利息成本。当然，对普通个人投资者，融券可能并不好融。记者就向一位大型券商人士了解科创板融券情况，他直言个人很难融券，券基本都给了专业机构。有券商人士表示，券商通过科创板转融通借到的券源，或仅提供给提前预约指定的机构客户或锁定券源客户，实现其专券专用。券商通常不会把转融通借到的科创板券源放到一个公共池子里让所有投资者去融，因为这样券商无法管控融券的到期期限；普通个人投资者是否与券源有关联关系也不好界定。所以，普通个人投资者参与科创板融券遇到无券可融并不意外。
山茶油PK橄榄油完胜，中国山茶油开始出口欧美市场,http://baijiahao.baidu.com/s?id=1639922507326618609,钱江晚报,发布时间：07-24 15:02,实验数据证明，山茶油的大多数营养成分都比橄榄油高，但说到好油，我们首先想到的是橄榄油，而不是山茶油，橄榄油大量进口中国，山茶油却没能出口欧美，你知道为什么吗？最近，沈国新的德国“海淘”大单到货了，几个定制了1年多的瓶瓶罐罐，把浙江省农科院蚕桑所一楼的油脂实验室塞得满满当当。在国内，山茶油精炼设备都比较大，一次用料是1.5吨山茶油。如果要改进精炼工艺，做工艺试验的成本太高。沈国新研究员定做的用料100斤的微型油脂精炼设备，相当于把常规设备缩小30倍来做，德国接单的这家世界500企业觉得，这几乎是不可能完成的任务。精炼油设备，做大容易，做小很难，因为罐体高温高压的关系，搞不好是要爆炸的。（图：省农科院油脂实验室）虽然从来未干过这活，但德国企业凭着一贯精益求精的工匠精神，收了200万元，按照中方的工艺参数要求，鼓捣了一年多，终于研发成功，顺利发货。这套设备，也是国内目前唯一一套微型油脂精炼成套设备，沈国新要用它来实验生产营养价值完全超越橄榄油的山茶油。为什么说山茶油比橄榄油营养丰富，其实，从生物学上就能分析清楚。（图：山茶籽和毛油）山茶是“秋花秋实”，民间俗称“抱子怀胎”，山茶籽的生长周期长达一年。油橄榄是“春花秋实”，油橄榄果的生长周期只有大半年。生长周期越长的生物，营养物质自然积累会更丰富。可是，山茶油和橄榄油的加工工艺，却有很大区别。橄榄油是果实油，特级初榨橄榄油其实就是用橄榄冷鲜榨的果汁油。山茶油是用油茶籽加工的种子油，中国传统工艺是先炒或蒸煮，然后榨油、精炼。初榨山茶油的营养价值，比橄榄油更丰富。可是，进入传统的压榨和精炼加工环节后，在营养成分上，山茶油精炼产品的含量只有初榨油的20%左右，营养物质流失或分解量达到80%，大部分是在加工中流失或分解的，而橄榄油的营养保存率在80%以上。（图：油茶籽带有坚硬外壳）虽然也是低温压榨，但山茶油因为种子外壳太硬，很多时候，农村土榨又是带壳榨油的，导致压榨时摩擦力太大，温度会迅速上升到200℃，而当温度超过150℃时，山茶油中就有产生苯并芘的危险。苯并芘是一种致癌物，根据欧盟标准，食用油中不得检出苯并芘，这也是山茶油这么好的油，一直在扮演乡下土特产的角色，而少有登堂入室，更不用说出口欧美，像橄榄油一样畅销全球了。要让苯并芘从山茶油中滚出，就要控制低温压榨的温度，最好在100℃以内不反弹。做到这个其实并不难，关键在于如何改进加工工艺。油茶籽外面的壳太厚太韧，要先把壳去掉再榨油，但是种子含油量太高，压榨摩擦力还是太大，升温依然很厉害，苯并芘又会出现。（图：去壳后的油茶籽）怎么办？可能需要一种安全的辅料来降低摩擦，经过几年反复试验，沈国新终于找到了理想辅料和掺配比例，让压榨温度始终低于100℃。苯并芘，彻底消失了！不过，这远远不够。山茶油加工中的精炼环节，要经过脱胶、脱酸、脱色、脱臭、脱蜡五道工序，会让营养物质流失或分解量达80%。特别是脱臭环节，温度会到达250℃，而超过180℃，对人体健康不易的反式脂肪酸就会被生成出来，这道工艺已经被沈国新改进了。为了最大限度地保留山茶油的营养成分，传统五脱精炼工艺还需要不断改进。沈国新和省内外的山茶油企业合作，调整了精炼工艺的不同环节和参数，生产了适合孕产妇、婴幼儿、中老年三高人群的功能油。角鲨烯等成分对中老年三高人群有益，但脱臭环节会让它大量流失，改进工艺可以最大限度地保留。山茶油生育酚含量很高，但精炼脱酸环节会把大部分生育酚脱掉，改进脱酸工艺后的山茶油，成功开发了月子油、婴幼儿油。驱赶了苯并芘，还让山茶油变得更加营养。目前，沈国新的这套技术已经在浙江、江西等地的10多家山茶油加工企业投用，山茶油也因此走出了国门，出口到欧美市场。榨完油的油茶籽，是不是就没有用了？本着物尽其用的原则，油茶籽饼中提取的茶皂素制成了生物农药，出口到日韩等国，用于高尔夫球场，不仅是有机肥，更能防治地下虫害。沈国新还和企业合作开发了茶叶籽油、木榧油、黄栀子油等特种食用油。（图：分子生物学实验室）以茶叶籽油为例，它富含脂溶性茶多酚，是保健油，但大家是不是很少能买到这种油？小白鼠对比实验显示，连续10天分别喂大豆油和茶叶籽油，吃茶叶籽油的小白鼠，吸收了茶多酚等物质，要比吃大豆油体重更轻。多吃油却不容易长胖，让很多人欣喜。可是，传统加工会让茶叶籽油带有很重的苦涩味，让消费者很难接受，这种苦味物质其实就是茶碱。 当温度超过120℃时，茶碱就会溶解成液态，进入茶叶籽油中，只有改进压榨工艺，才能阻隔茶碱进入油体中，新的加工工艺已经做到了。南方最好的坚果香榧，含油量高达52%，但因为动辄百元一斤的价格，让很多炼油企业望而却步。 其实，没人爱吃的木榧，含油量一样高，价格实惠，香榧中特有的金松酸物质，木榧中含量更高，它对高血糖人群有保健功效。 榨完油的木榧，还能发酵制成酒，香味50米开外的人都能闻到，这项技术已在浙江企业应用。 过去，对食用油精炼工艺的改良，因为设备原因成本太高，现在沈国新有了微型精炼油设备，可以让这些研究更加快捷地推进。 相信不用多久，中国特有的木本植物油一定会更营养更健康。
全球最大集装箱巨轮 首航抵达深圳,http://baijiahao.baidu.com/s?id=1639929723541950126,深圳卫视,发布时间：07-24 21:01,7月23日，的“地中海古尔松”轮首航抵达深圳，靠泊盐田港。这是当下全球航运市场最大的集装箱船舶。“地中海 古尔松” 是地中海航运订购的11艘23000标箱级船舶中交付的第一艘，其他10艘同等级的超大型船舶也将会陆续投入使用。该轮经过优化设计，可减少油耗，降低二氧化碳排放。“地中海 古尔松”号服务于亚欧航线，全程航行约36天。盐田港区是该轮在中国首航的最后一个挂靠港，随后将经马来西亚帕拉帕斯港驶往欧洲。“地中海 古尔松”号在盐田国际靠泊期间，全程使用岸电，共装卸约4200标箱。地中海航运与盐田国际共同举办首航仪式港口集装箱吞吐量是一个地区对外货物贸易的晴雨表。今年上半年，深圳港累计完成集装箱吞吐量1240.78万标箱，同比增长了2.75%。在1240余万标箱中，进口607余万标箱，出口633余万标箱，出口吞吐量大约占到51%。三大集装箱港区中，盐田港区集装箱吞吐量最大。：盐田港区以欧美航线为主，今天上半年有大幅增长。南山港区以亚洲近洋航线为主，今年上半年保持着一个平稳增长态势，大铲湾港区今年是以内贸发展为主 内贸增长了21%。在上半年不明朗的国际贸易形势下，深圳港通过鼓励进口、驳船运输、海铁联运、内贸、国际中转等方式来提升集装箱吞吐量。包括鼓励珠三角货物经深圳港作为进出口枢纽港、内陆地区货物经深圳港中转等。其中，海铁联运吞吐量同比增长近五成，内贸吞吐量同比增长超过两成。：下半年我们还在探索尝试香港、新加坡、吸引东南亚地区货物经深圳港国际中转到欧美地区，我们希望把深圳港打造成为一个亚洲主要的国际中转港。
受重组成本拖累德意志银行第二季度净亏32亿欧元,http://baijiahao.baidu.com/s?id=1639922076284390173,东方财富网,发布时间：07-24 14:23,德意志银行周三公布的业绩显示，公司第二季度净亏损31亿欧元，去年同期净利润4.01亿欧元。德意志银行解释称，公司第二季财季出现亏损因最近宣布的业务重组计划成本令业绩承压。公司预计2019财年收入较去年将有所下降，并称，这主要归因于该行基本全面退出证券销售和交易业务的决策。此外，德意志银行公布的固定收益和外汇，以及股票业务第二季度销售和交易收入合计为16.9亿欧元，低于分析师的预估均值17.9亿欧元。公司第二季度净收入为62亿欧元，符合7月7日初步公布的第二季度业绩。第二季度固定收益、外汇和大宗商品销售和交易收入为13.2亿欧元，公司汇总的预估为13.1亿欧元。第二季度股票销售和交易收入为3.69亿欧元，公司汇总的预估为4.8亿欧元。德意志银行7月早些时候已经发布了业绩的初步预期，同时还宣布了一项大规模的重组计划，其中包括退出全球证券销售和交易业务，并裁员1.8万人。（文章来源：东方财富研究中心）
100万存款，全部放在同一家银行安全吗？,http://baijiahao.baidu.com/s?id=1639922547375501663,平说财经张平,发布时间：07-24 15:06,100万存款，要看放在什么银行了，如果是国有五大银行、股份制中小银行，这基本上没什么问题。如果连这些银行都要倒闭或破产，那国家的金融体系也太脆弱了，相关的监管机制也太不健全了，所以这样的概率几乎不存在。实际上，自从1998年发生东南亚金融危机，尤其是海南发展银行破产倒闭后，我们国家已经完善了自己的金融体系，也更加强了流动性风险防范的监管。不过，近年来，国内民营资本进入银行业，民营银行获批建立后，国家是允许银行破产的。而一些民营银行因成立不久，为了吸纳民间存款，还是开出了相当吸引人眼球的存款利率。从目前情况看，中国绝大多数家庭的存款都在50万以内，所以，只要在一家银行存款在50万以内，不管是什么银行，储户的利益都是有保障的。来自央行的数据显示，2018年末我国住户存款余额为72.44万亿元，若按当前13.95亿的总人口计算，平均每人储蓄存款达51931元。这个数据比2007年翻了5倍左右。所以，居民存款多数是有保障的。那么，对于拥有100存款，是否可以放在同一家银行更安全，我们就此提出以下几种情况：第一，如果把钱都存在国有大型商业银行或全国性的股份制商业银行，比如说，工行、招行、民生银行、中兴银行等，这些银行是不会发生倒闭的情况。即使是100万存入一家银行，问题也不大。第二，如果100万要存进地方中小银行，可能大额存单的利率要比四大国有银行要高出一些，那么储户可以把钱分成三份，分别存入三家不同的地方银行，40/40/20或者是30/30/40，这样既可以拿到较高的利息收益，也可以规避潜在的金融风险。第三，奉劝一些朋友不要贪图民营银行的高利率，尽量在一家民营银行里存款不要超过50万。也可以选择40万存入民营银行享受高利率，剩下的60万存分开存入不同的国有中小银行。实际上，储户主要是要贪图民营银行和地方中小型银行相对较高的利率。对于普通储户来说，100万如果都存进国有四大行及股份制银行，风险基本上是没有的，而如果你想获得更高的收益率，想把钱存进地方中小银行或者民营银行，那就要把资金分开存入不同的银行里。这样即使遇到概率很小的银行倒闭事件，也能保证储户拿到本金和利益全身而退。
